sample,title,source
GSM4505944,HCC01T,Single cells in primary tumor tissue of HCC patient
GSM4505945,HCC02T,Single cells in primary tumor tissue of HCC patient
GSM4505946,HCC03N,Single cells in non-tumor liver tissue of HCC patient
GSM4505947,HCC03T,Single cells in primary tumor tissue of HCC patient
GSM4505948,HCC04N,Single cells in non-tumor liver tissue of HCC patient
GSM4505949,HCC04T,Single cells in primary tumor tissue of HCC patient
GSM4505950,HCC05N,Single cells in non-tumor liver tissue of HCC patient
GSM4505951,HCC05T,Single cells in primary tumor tissue of HCC patient
GSM4505952,HCC06N,Single cells in non-tumor liver tissue of HCC patient
GSM4505953,HCC06T,Single cells in primary tumor tissue of HCC patient
GSM4505954,HCC07N,Single cells in non-tumor liver tissue of HCC patient
GSM4505955,HCC07P,Single cells in portal vein tumor thrombus (PVTT) tissue of HCC patient
GSM4505956,HCC07T,Single cells in primary tumor tissue of HCC patient
GSM4505957,HCC08N,Single cells in non-tumor liver tissue of HCC patient
GSM4505958,HCC08P,Single cells in portal vein tumor thrombus (PVTT) tissue of HCC patient
GSM4505959,HCC08T,Single cells in primary tumor tissue of HCC patient
GSM4505960,HCC09N,Single cells in non-tumor liver tissue of HCC patient
GSM4505961,HCC09T,Single cells in primary tumor tissue of HCC patient
GSM4505962,HCC10L,Single cells in metastatic lymph node tissue of HCC patient
GSM4505963,HCC10N,Single cells in non-tumor liver tissue of HCC patient
GSM4505964,HCC10T,Single cells in primary tumor tissue of HCC patient
