dataset,patient,major_class,gene,mean_expr,detection_rate,n_cells,source_note
GSE149614,HCC01T,T_NK,CASP9,0.04136690647482014,0.03866906474820144,1112,GSE149614
GSE149614,HCC01T,Myeloid,CASP9,0.07254901960784314,0.06797385620915032,1530,GSE149614
GSE149614,HCC01T,Endothelial,CASP9,0.06192660550458716,0.05963302752293578,436,GSE149614
GSE149614,HCC01T,Hepatocyte_cholangiocyte,CASP9,0.11267605633802817,0.08450704225352113,71,GSE149614
GSE149614,HCC01T,Fibroblast,CASP9,0.04807692307692308,0.04326923076923077,208,GSE149614
GSE149614,HCC01T,Other,CASP9,0.09090909090909091,0.09090909090909091,11,GSE149614
GSE149614,HCC08T,Hepatocyte_cholangiocyte,CASP9,0.05211726384364821,0.048859934853420196,1842,GSE149614
GSE149614,HCC08T,T_NK,CASP9,0.033632286995515695,0.029895366218236172,1338,GSE149614
GSE149614,HCC08T,Myeloid,CASP9,0.034511784511784514,0.03367003367003367,1188,GSE149614
GSE149614,HCC08T,Fibroblast,CASP9,0.02023121387283237,0.02023121387283237,346,GSE149614
GSE149614,HCC08T,Other,CASP9,0.012987012987012988,0.012987012987012988,77,GSE149614
GSE149614,HCC08T,Endothelial,CASP9,0.14285714285714285,0.11904761904761904,42,GSE149614
GSE149614,HCC08P,Hepatocyte_cholangiocyte,CASP9,0.13903743315508021,0.12676942434727903,3179,GSE149614
GSE149614,HCC08P,T_NK,CASP9,0.15517241379310345,0.12643678160919541,348,GSE149614
GSE149614,HCC08P,Myeloid,CASP9,0.052132701421800945,0.04739336492890995,422,GSE149614
GSE149614,HCC08P,Other,CASP9,0.10256410256410256,0.07692307692307693,39,GSE149614
GSE149614,HCC08P,Endothelial,CASP9,0.13725490196078433,0.0784313725490196,51,GSE149614
GSE149614,HCC08P,Fibroblast,CASP9,0.1262135922330097,0.1262135922330097,103,GSE149614
GSE149614,HCC08N,T_NK,CASP9,0.027033669206193166,0.025559105431309903,4069,GSE149614
GSE149614,HCC08N,Other,CASP9,0.10897435897435898,0.07692307692307693,156,GSE149614
GSE149614,HCC08N,Endothelial,CASP9,0.051470588235294115,0.051470588235294115,136,GSE149614
GSE149614,HCC08N,Fibroblast,CASP9,0.11475409836065574,0.08196721311475409,61,GSE149614
GSE149614,HCC08N,Myeloid,CASP9,0.1027190332326284,0.07854984894259819,331,GSE149614
GSE149614,HCC08N,Hepatocyte_cholangiocyte,CASP9,0.09523809523809523,0.09523809523809523,42,GSE149614
GSE149614,HCC05T,T_NK,CASP9,0.025906735751295335,0.025906735751295335,386,GSE149614
GSE149614,HCC05T,Fibroblast,CASP9,0.06395348837209303,0.06395348837209303,172,GSE149614
GSE149614,HCC05T,Hepatocyte_cholangiocyte,CASP9,0.0464926590538336,0.04404567699836868,1226,GSE149614
GSE149614,HCC05T,Endothelial,CASP9,0.03824091778202677,0.03824091778202677,523,GSE149614
GSE149614,HCC05T,Myeloid,CASP9,0.046343975283213185,0.044284243048403706,971,GSE149614
GSE149614,HCC05T,Other,CASP9,0.02666666666666667,0.02666666666666667,75,GSE149614
GSE149614,HCC05N,T_NK,CASP9,0.017913262099308613,0.017284726587052168,3182,GSE149614
GSE149614,HCC05N,Myeloid,CASP9,0.0630841121495327,0.05841121495327103,856,GSE149614
GSE149614,HCC05N,Endothelial,CASP9,0.008620689655172414,0.008620689655172414,348,GSE149614
GSE149614,HCC05N,Fibroblast,CASP9,0.037037037037037035,0.037037037037037035,27,GSE149614
GSE149614,HCC05N,Hepatocyte_cholangiocyte,CASP9,0.05660377358490566,0.05660377358490566,53,GSE149614
GSE149614,HCC05N,Other,CASP9,0.12105263157894737,0.09473684210526316,190,GSE149614
GSE149614,HCC02T,Other,CASP9,0.046466602129719266,0.041626331074540175,1033,GSE149614
GSE149614,HCC02T,Hepatocyte_cholangiocyte,CASP9,0.24061196105702365,0.20166898470097358,2157,GSE149614
GSE149614,HCC02T,Myeloid,CASP9,0.13916500994035785,0.12326043737574553,503,GSE149614
GSE149614,HCC02T,T_NK,CASP9,0.11023622047244094,0.09448818897637795,381,GSE149614
GSE149614,HCC02T,Endothelial,CASP9,0.0,0.0,14,GSE149614
GSE149614,HCC02T,Fibroblast,CASP9,0.15384615384615385,0.15384615384615385,13,GSE149614
GSE149614,HCC04T,Hepatocyte_cholangiocyte,CASP9,0.1780766096169519,0.15403422982885084,2454,GSE149614
GSE149614,HCC04T,Myeloid,CASP9,0.08461538461538462,0.08,650,GSE149614
GSE149614,HCC04T,T_NK,CASP9,0.13438735177865613,0.11067193675889328,253,GSE149614
GSE149614,HCC04T,Endothelial,CASP9,0.06666666666666667,0.06666666666666667,30,GSE149614
GSE149614,HCC04T,Fibroblast,CASP9,0.011111111111111112,0.011111111111111112,90,GSE149614
GSE149614,HCC04T,Other,CASP9,0.20833333333333334,0.16666666666666666,24,GSE149614
GSE149614,HCC04N,Hepatocyte_cholangiocyte,CASP9,0.0736196319018405,0.0705521472392638,326,GSE149614
GSE149614,HCC04N,Myeloid,CASP9,0.1097708082026538,0.07961399276236429,829,GSE149614
GSE149614,HCC04N,T_NK,CASP9,0.029840848806366047,0.027851458885941646,1508,GSE149614
GSE149614,HCC04N,Other,CASP9,0.0425531914893617,0.031914893617021274,188,GSE149614
GSE149614,HCC04N,Endothelial,CASP9,0.025157232704402517,0.020964360587002098,477,GSE149614
GSE149614,HCC04N,Fibroblast,CASP9,0.014705882352941176,0.014705882352941176,68,GSE149614
GSE149614,HCC03T,Hepatocyte_cholangiocyte,CASP9,0.06764536557282672,0.06620610247553253,3474,GSE149614
GSE149614,HCC03T,Myeloid,CASP9,0.04297994269340974,0.04202483285577841,1047,GSE149614
GSE149614,HCC03T,T_NK,CASP9,0.06896551724137931,0.06403940886699508,203,GSE149614
GSE149614,HCC03T,Endothelial,CASP9,0.2,0.15,20,GSE149614
GSE149614,HCC03T,Other,CASP9,0.028169014084507043,0.028169014084507043,71,GSE149614
GSE149614,HCC03T,Fibroblast,CASP9,0.0,0.0,10,GSE149614
GSE149614,HCC03N,Myeloid,CASP9,0.022,0.019,1000,GSE149614
GSE149614,HCC03N,Endothelial,CASP9,0.013761467889908258,0.009174311926605505,218,GSE149614
GSE149614,HCC03N,Hepatocyte_cholangiocyte,CASP9,0.016928657799274487,0.016928657799274487,827,GSE149614
GSE149614,HCC03N,T_NK,CASP9,0.014492753623188406,0.014492753623188406,414,GSE149614
GSE149614,HCC03N,Other,CASP9,0.008264462809917356,0.008264462809917356,121,GSE149614
GSE149614,HCC03N,Fibroblast,CASP9,0.0,0.0,21,GSE149614
GSE149614,HCC09T,Other,CASP9,0.15789473684210525,0.10526315789473684,57,GSE149614
GSE149614,HCC09T,Myeloid,CASP9,0.07093821510297482,0.06178489702517163,437,GSE149614
GSE149614,HCC09T,Fibroblast,CASP9,0.04929577464788732,0.04225352112676056,142,GSE149614
GSE149614,HCC09T,Hepatocyte_cholangiocyte,CASP9,0.14237743451981194,0.12424445936870383,1489,GSE149614
GSE149614,HCC09T,T_NK,CASP9,0.046801872074883,0.0421216848673947,641,GSE149614
GSE149614,HCC09T,Endothelial,CASP9,0.1,0.08,50,GSE149614
GSE149614,HCC09N,Myeloid,CASP9,0.14626865671641792,0.10746268656716418,335,GSE149614
GSE149614,HCC09N,Endothelial,CASP9,0.02040816326530612,0.02040816326530612,147,GSE149614
GSE149614,HCC09N,T_NK,CASP9,0.034274193548387094,0.028225806451612902,992,GSE149614
GSE149614,HCC09N,Other,CASP9,0.06451612903225806,0.06451612903225806,279,GSE149614
GSE149614,HCC09N,Hepatocyte_cholangiocyte,CASP9,0.007142857142857143,0.007142857142857143,140,GSE149614
GSE149614,HCC09N,Fibroblast,CASP9,0.057971014492753624,0.057971014492753624,69,GSE149614
GSE149614,HCC10T,Myeloid,CASP9,0.06037735849056604,0.052830188679245285,795,GSE149614
GSE149614,HCC10T,T_NK,CASP9,0.024869109947643978,0.024869109947643978,764,GSE149614
GSE149614,HCC10T,Hepatocyte_cholangiocyte,CASP9,0.1424892703862661,0.12274678111587983,1165,GSE149614
GSE149614,HCC10T,Fibroblast,CASP9,0.030303030303030304,0.030303030303030304,33,GSE149614
GSE149614,HCC10T,Other,CASP9,0.06060606060606061,0.06060606060606061,33,GSE149614
GSE149614,HCC10T,Endothelial,CASP9,0.0,0.0,9,GSE149614
GSE149614,HCC10L,Hepatocyte_cholangiocyte,CASP9,0.0683526999316473,0.06288448393711552,1463,GSE149614
GSE149614,HCC10L,T_NK,CASP9,0.026804123711340205,0.026804123711340205,485,GSE149614
GSE149614,HCC10L,Other,CASP9,0.040160642570281124,0.03614457831325301,249,GSE149614
GSE149614,HCC10L,Myeloid,CASP9,0.041666666666666664,0.034420289855072464,552,GSE149614
GSE149614,HCC10L,Fibroblast,CASP9,0.030303030303030304,0.030303030303030304,66,GSE149614
GSE149614,HCC10L,Endothelial,CASP9,0.10714285714285714,0.03571428571428571,28,GSE149614
GSE149614,HCC10N,T_NK,CASP9,0.009935205183585313,0.009503239740820735,2315,GSE149614
GSE149614,HCC10N,Endothelial,CASP9,0.02112676056338028,0.02112676056338028,142,GSE149614
GSE149614,HCC10N,Myeloid,CASP9,0.07532467532467532,0.07532467532467532,385,GSE149614
GSE149614,HCC10N,Hepatocyte_cholangiocyte,CASP9,0.030303030303030304,0.030303030303030304,99,GSE149614
GSE149614,HCC10N,Other,CASP9,0.0,0.0,67,GSE149614
GSE149614,HCC10N,Fibroblast,CASP9,0.03125,0.03125,64,GSE149614
GSE149614,HCC07T,Myeloid,CASP9,0.02531645569620253,0.02531645569620253,237,GSE149614
GSE149614,HCC07T,Other,CASP9,0.013333333333333334,0.013333333333333334,75,GSE149614
GSE149614,HCC07T,Hepatocyte_cholangiocyte,CASP9,0.08235294117647059,0.07058823529411765,85,GSE149614
GSE149614,HCC07T,T_NK,CASP9,0.00980392156862745,0.00980392156862745,102,GSE149614
GSE149614,HCC07T,Fibroblast,CASP9,0.0,0.0,11,GSE149614
GSE149614,HCC07P,Myeloid,CASP9,0.06980656013456686,0.063919259882254,1189,GSE149614
GSE149614,HCC07P,Other,CASP9,0.02158273381294964,0.014388489208633094,139,GSE149614
GSE149614,HCC07P,T_NK,CASP9,0.038135593220338986,0.038135593220338986,236,GSE149614
GSE149614,HCC07P,Fibroblast,CASP9,0.034482758620689655,0.034482758620689655,87,GSE149614
GSE149614,HCC07P,Endothelial,CASP9,0.14285714285714285,0.14285714285714285,28,GSE149614
GSE149614,HCC07P,Hepatocyte_cholangiocyte,CASP9,0.07333333333333333,0.07333333333333333,150,GSE149614
GSE149614,HCC07N,T_NK,CASP9,0.02011263073209976,0.019308125502815767,2486,GSE149614
GSE149614,HCC07N,Myeloid,CASP9,0.05861244019138756,0.05382775119617225,836,GSE149614
GSE149614,HCC07N,Endothelial,CASP9,0.0,0.0,172,GSE149614
GSE149614,HCC07N,Other,CASP9,0.09248554913294797,0.08670520231213873,173,GSE149614
GSE149614,HCC07N,Hepatocyte_cholangiocyte,CASP9,0.018867924528301886,0.018867924528301886,53,GSE149614
GSE149614,HCC07N,Fibroblast,CASP9,0.05,0.05,20,GSE149614
GSE149614,HCC06N,T_NK,CASP9,0.01798165137614679,0.01724770642201835,2725,GSE149614
GSE149614,HCC06N,Myeloid,CASP9,0.06380857427716849,0.05284147557328016,1003,GSE149614
GSE149614,HCC06N,Endothelial,CASP9,0.0228310502283105,0.0228310502283105,219,GSE149614
GSE149614,HCC06N,Hepatocyte_cholangiocyte,CASP9,0.028225806451612902,0.028225806451612902,248,GSE149614
GSE149614,HCC06N,Fibroblast,CASP9,0.06896551724137931,0.05747126436781609,87,GSE149614
GSE149614,HCC06N,Other,CASP9,0.10382513661202186,0.07650273224043716,183,GSE149614
GSE149614,HCC06T,T_NK,CASP9,0.015748031496062992,0.015748031496062992,1651,GSE149614
GSE149614,HCC06T,Other,CASP9,0.033707865168539325,0.03146067415730337,445,GSE149614
GSE149614,HCC06T,Fibroblast,CASP9,0.058098591549295774,0.056338028169014086,568,GSE149614
GSE149614,HCC06T,Myeloid,CASP9,0.04700352526439483,0.04700352526439483,851,GSE149614
GSE149614,HCC06T,Endothelial,CASP9,0.02707581227436823,0.02707581227436823,554,GSE149614
GSE149614,HCC06T,Hepatocyte_cholangiocyte,CASP9,0.02092050209205021,0.02092050209205021,239,GSE149614
GSE149614,HCC01T,T_NK,GBA,0.07823741007194245,0.06474820143884892,1112,GSE149614
GSE149614,HCC01T,Myeloid,GBA,0.2,0.17516339869281045,1530,GSE149614
GSE149614,HCC01T,Endothelial,GBA,0.21788990825688073,0.19036697247706422,436,GSE149614
GSE149614,HCC01T,Hepatocyte_cholangiocyte,GBA,0.5070422535211268,0.38028169014084506,71,GSE149614
GSE149614,HCC01T,Fibroblast,GBA,0.21634615384615385,0.19230769230769232,208,GSE149614
GSE149614,HCC01T,Other,GBA,0.0,0.0,11,GSE149614
GSE149614,HCC08T,Hepatocyte_cholangiocyte,GBA,0.23941368078175895,0.19109663409337677,1842,GSE149614
GSE149614,HCC08T,T_NK,GBA,0.06053811659192825,0.05007473841554559,1338,GSE149614
GSE149614,HCC08T,Myeloid,GBA,0.18265993265993266,0.15488215488215487,1188,GSE149614
GSE149614,HCC08T,Fibroblast,GBA,0.10982658959537572,0.10115606936416185,346,GSE149614
GSE149614,HCC08T,Other,GBA,0.19480519480519481,0.12987012987012986,77,GSE149614
GSE149614,HCC08T,Endothelial,GBA,0.07142857142857142,0.07142857142857142,42,GSE149614
GSE149614,HCC08P,Hepatocyte_cholangiocyte,GBA,0.4702736709657125,0.3217993079584775,3179,GSE149614
GSE149614,HCC08P,T_NK,GBA,0.3563218390804598,0.2413793103448276,348,GSE149614
GSE149614,HCC08P,Myeloid,GBA,0.3104265402843602,0.25118483412322273,422,GSE149614
GSE149614,HCC08P,Other,GBA,0.5641025641025641,0.4358974358974359,39,GSE149614
GSE149614,HCC08P,Endothelial,GBA,0.27450980392156865,0.17647058823529413,51,GSE149614
GSE149614,HCC08P,Fibroblast,GBA,0.32038834951456313,0.2815533980582524,103,GSE149614
GSE149614,HCC08N,T_NK,GBA,0.021872695994101746,0.021872695994101746,4069,GSE149614
GSE149614,HCC08N,Other,GBA,0.00641025641025641,0.00641025641025641,156,GSE149614
GSE149614,HCC08N,Endothelial,GBA,0.1323529411764706,0.11029411764705882,136,GSE149614
GSE149614,HCC08N,Fibroblast,GBA,0.13114754098360656,0.13114754098360656,61,GSE149614
GSE149614,HCC08N,Myeloid,GBA,0.1510574018126888,0.12386706948640483,331,GSE149614
GSE149614,HCC08N,Hepatocyte_cholangiocyte,GBA,0.023809523809523808,0.023809523809523808,42,GSE149614
GSE149614,HCC05T,T_NK,GBA,0.12176165803108809,0.09067357512953368,386,GSE149614
GSE149614,HCC05T,Fibroblast,GBA,0.0872093023255814,0.06976744186046512,172,GSE149614
GSE149614,HCC05T,Hepatocyte_cholangiocyte,GBA,0.2969004893964111,0.23164763458401305,1226,GSE149614
GSE149614,HCC05T,Endothelial,GBA,0.16634799235181644,0.15296367112810708,523,GSE149614
GSE149614,HCC05T,Myeloid,GBA,0.22966014418125644,0.19876416065911431,971,GSE149614
GSE149614,HCC05T,Other,GBA,0.08,0.08,75,GSE149614
GSE149614,HCC05N,T_NK,GBA,0.017284726587052168,0.016656191074795726,3182,GSE149614
GSE149614,HCC05N,Myeloid,GBA,0.19158878504672897,0.16004672897196262,856,GSE149614
GSE149614,HCC05N,Endothelial,GBA,0.07183908045977011,0.06609195402298851,348,GSE149614
GSE149614,HCC05N,Fibroblast,GBA,0.18518518518518517,0.18518518518518517,27,GSE149614
GSE149614,HCC05N,Hepatocyte_cholangiocyte,GBA,0.09433962264150944,0.07547169811320754,53,GSE149614
GSE149614,HCC05N,Other,GBA,0.06315789473684211,0.05263157894736842,190,GSE149614
GSE149614,HCC02T,Other,GBA,0.10067763794772508,0.09196515004840271,1033,GSE149614
GSE149614,HCC02T,Hepatocyte_cholangiocyte,GBA,0.8052851182197497,0.4765878535002318,2157,GSE149614
GSE149614,HCC02T,Myeloid,GBA,0.5666003976143141,0.3757455268389662,503,GSE149614
GSE149614,HCC02T,T_NK,GBA,0.3333333333333333,0.2204724409448819,381,GSE149614
GSE149614,HCC02T,Endothelial,GBA,0.21428571428571427,0.21428571428571427,14,GSE149614
GSE149614,HCC02T,Fibroblast,GBA,0.5384615384615384,0.38461538461538464,13,GSE149614
GSE149614,HCC04T,Hepatocyte_cholangiocyte,GBA,1.3524857375713122,0.5941320293398533,2454,GSE149614
GSE149614,HCC04T,Myeloid,GBA,0.47384615384615386,0.30153846153846153,650,GSE149614
GSE149614,HCC04T,T_NK,GBA,1.0909090909090908,0.38735177865612647,253,GSE149614
GSE149614,HCC04T,Endothelial,GBA,0.36666666666666664,0.3,30,GSE149614
GSE149614,HCC04T,Fibroblast,GBA,0.25555555555555554,0.17777777777777778,90,GSE149614
GSE149614,HCC04T,Other,GBA,1.5833333333333333,0.5416666666666666,24,GSE149614
GSE149614,HCC04N,Hepatocyte_cholangiocyte,GBA,0.37423312883435583,0.27607361963190186,326,GSE149614
GSE149614,HCC04N,Myeloid,GBA,0.09047044632086852,0.08443908323281062,829,GSE149614
GSE149614,HCC04N,T_NK,GBA,0.04111405835543767,0.033156498673740056,1508,GSE149614
GSE149614,HCC04N,Other,GBA,0.015957446808510637,0.015957446808510637,188,GSE149614
GSE149614,HCC04N,Endothelial,GBA,0.06289308176100629,0.06079664570230608,477,GSE149614
GSE149614,HCC04N,Fibroblast,GBA,0.08823529411764706,0.07352941176470588,68,GSE149614
GSE149614,HCC03T,Hepatocyte_cholangiocyte,GBA,0.35521013241220495,0.2772020725388601,3474,GSE149614
GSE149614,HCC03T,Myeloid,GBA,0.218720152817574,0.17956064947468958,1047,GSE149614
GSE149614,HCC03T,T_NK,GBA,0.5024630541871922,0.3251231527093596,203,GSE149614
GSE149614,HCC03T,Endothelial,GBA,0.2,0.2,20,GSE149614
GSE149614,HCC03T,Other,GBA,0.28169014084507044,0.22535211267605634,71,GSE149614
GSE149614,HCC03T,Fibroblast,GBA,0.2,0.1,10,GSE149614
GSE149614,HCC03N,Myeloid,GBA,0.06,0.056,1000,GSE149614
GSE149614,HCC03N,Endothelial,GBA,0.045871559633027525,0.045871559633027525,218,GSE149614
GSE149614,HCC03N,Hepatocyte_cholangiocyte,GBA,0.09794437726723096,0.09068923821039904,827,GSE149614
GSE149614,HCC03N,T_NK,GBA,0.033816425120772944,0.033816425120772944,414,GSE149614
GSE149614,HCC03N,Other,GBA,0.049586776859504134,0.049586776859504134,121,GSE149614
GSE149614,HCC03N,Fibroblast,GBA,0.047619047619047616,0.047619047619047616,21,GSE149614
GSE149614,HCC09T,Other,GBA,0.5087719298245614,0.24561403508771928,57,GSE149614
GSE149614,HCC09T,Myeloid,GBA,0.1853546910755149,0.14874141876430205,437,GSE149614
GSE149614,HCC09T,Fibroblast,GBA,0.09859154929577464,0.07042253521126761,142,GSE149614
GSE149614,HCC09T,Hepatocyte_cholangiocyte,GBA,0.9140362659503022,0.4633982538616521,1489,GSE149614
GSE149614,HCC09T,T_NK,GBA,0.14040561622464898,0.0748829953198128,641,GSE149614
GSE149614,HCC09T,Endothelial,GBA,0.14,0.12,50,GSE149614
GSE149614,HCC09N,Myeloid,GBA,0.06865671641791045,0.06567164179104477,335,GSE149614
GSE149614,HCC09N,Endothelial,GBA,0.10204081632653061,0.08843537414965986,147,GSE149614
GSE149614,HCC09N,T_NK,GBA,0.02217741935483871,0.02217741935483871,992,GSE149614
GSE149614,HCC09N,Other,GBA,0.04659498207885305,0.043010752688172046,279,GSE149614
GSE149614,HCC09N,Hepatocyte_cholangiocyte,GBA,0.12142857142857143,0.1,140,GSE149614
GSE149614,HCC09N,Fibroblast,GBA,0.057971014492753624,0.057971014492753624,69,GSE149614
GSE149614,HCC10T,Myeloid,GBA,0.21132075471698114,0.1710691823899371,795,GSE149614
GSE149614,HCC10T,T_NK,GBA,0.041884816753926704,0.032722513089005235,764,GSE149614
GSE149614,HCC10T,Hepatocyte_cholangiocyte,GBA,0.39399141630901285,0.2532188841201717,1165,GSE149614
GSE149614,HCC10T,Fibroblast,GBA,0.18181818181818182,0.15151515151515152,33,GSE149614
GSE149614,HCC10T,Other,GBA,0.12121212121212122,0.12121212121212122,33,GSE149614
GSE149614,HCC10T,Endothelial,GBA,0.1111111111111111,0.1111111111111111,9,GSE149614
GSE149614,HCC10L,Hepatocyte_cholangiocyte,GBA,0.23923444976076555,0.1900205058099795,1463,GSE149614
GSE149614,HCC10L,T_NK,GBA,0.06391752577319587,0.05567010309278351,485,GSE149614
GSE149614,HCC10L,Other,GBA,0.04819277108433735,0.04417670682730924,249,GSE149614
GSE149614,HCC10L,Myeloid,GBA,0.18115942028985507,0.15760869565217392,552,GSE149614
GSE149614,HCC10L,Fibroblast,GBA,0.09090909090909091,0.07575757575757576,66,GSE149614
GSE149614,HCC10L,Endothelial,GBA,0.0,0.0,28,GSE149614
GSE149614,HCC10N,T_NK,GBA,0.01814254859611231,0.01814254859611231,2315,GSE149614
GSE149614,HCC10N,Endothelial,GBA,0.04929577464788732,0.04929577464788732,142,GSE149614
GSE149614,HCC10N,Myeloid,GBA,0.11688311688311688,0.1012987012987013,385,GSE149614
GSE149614,HCC10N,Hepatocyte_cholangiocyte,GBA,0.08080808080808081,0.06060606060606061,99,GSE149614
GSE149614,HCC10N,Other,GBA,0.029850746268656716,0.029850746268656716,67,GSE149614
GSE149614,HCC10N,Fibroblast,GBA,0.0,0.0,64,GSE149614
GSE149614,HCC07T,Myeloid,GBA,0.16033755274261605,0.1308016877637131,237,GSE149614
GSE149614,HCC07T,Other,GBA,0.04,0.04,75,GSE149614
GSE149614,HCC07T,Hepatocyte_cholangiocyte,GBA,0.35294117647058826,0.24705882352941178,85,GSE149614
GSE149614,HCC07T,T_NK,GBA,0.049019607843137254,0.0196078431372549,102,GSE149614
GSE149614,HCC07T,Fibroblast,GBA,0.0,0.0,11,GSE149614
GSE149614,HCC07P,Myeloid,GBA,0.2607232968881413,0.20269133725820015,1189,GSE149614
GSE149614,HCC07P,Other,GBA,0.07913669064748201,0.07913669064748201,139,GSE149614
GSE149614,HCC07P,T_NK,GBA,0.13559322033898305,0.06779661016949153,236,GSE149614
GSE149614,HCC07P,Fibroblast,GBA,0.09195402298850575,0.09195402298850575,87,GSE149614
GSE149614,HCC07P,Endothelial,GBA,0.10714285714285714,0.10714285714285714,28,GSE149614
GSE149614,HCC07P,Hepatocyte_cholangiocyte,GBA,0.9133333333333333,0.4266666666666667,150,GSE149614
GSE149614,HCC07N,T_NK,GBA,0.02252614641995173,0.02252614641995173,2486,GSE149614
GSE149614,HCC07N,Myeloid,GBA,0.16148325358851676,0.14114832535885166,836,GSE149614
GSE149614,HCC07N,Endothelial,GBA,0.1569767441860465,0.13372093023255813,172,GSE149614
GSE149614,HCC07N,Other,GBA,0.08092485549132948,0.07514450867052024,173,GSE149614
GSE149614,HCC07N,Hepatocyte_cholangiocyte,GBA,0.11320754716981132,0.11320754716981132,53,GSE149614
GSE149614,HCC07N,Fibroblast,GBA,0.1,0.1,20,GSE149614
GSE149614,HCC06N,T_NK,GBA,0.01871559633027523,0.01871559633027523,2725,GSE149614
GSE149614,HCC06N,Myeloid,GBA,0.18943170488534397,0.1575274177467597,1003,GSE149614
GSE149614,HCC06N,Endothelial,GBA,0.1415525114155251,0.1232876712328767,219,GSE149614
GSE149614,HCC06N,Hepatocyte_cholangiocyte,GBA,0.04838709677419355,0.04435483870967742,248,GSE149614
GSE149614,HCC06N,Fibroblast,GBA,0.12643678160919541,0.10344827586206896,87,GSE149614
GSE149614,HCC06N,Other,GBA,0.03278688524590164,0.03278688524590164,183,GSE149614
GSE149614,HCC06T,T_NK,GBA,0.06541490006056935,0.05390672319806178,1651,GSE149614
GSE149614,HCC06T,Other,GBA,0.0651685393258427,0.058426966292134834,445,GSE149614
GSE149614,HCC06T,Fibroblast,GBA,0.11267605633802817,0.1056338028169014,568,GSE149614
GSE149614,HCC06T,Myeloid,GBA,0.17508813160987075,0.14571092831962398,851,GSE149614
GSE149614,HCC06T,Endothelial,GBA,0.10649819494584838,0.10288808664259928,554,GSE149614
GSE149614,HCC06T,Hepatocyte_cholangiocyte,GBA,0.4393305439330544,0.26778242677824265,239,GSE149614
GSE149614,HCC01T,T_NK,PARP1,0.2868705035971223,0.18974820143884893,1112,GSE149614
GSE149614,HCC01T,Myeloid,PARP1,0.22941176470588234,0.1954248366013072,1530,GSE149614
GSE149614,HCC01T,Endothelial,PARP1,0.38073394495412843,0.29128440366972475,436,GSE149614
GSE149614,HCC01T,Hepatocyte_cholangiocyte,PARP1,1.323943661971831,0.6197183098591549,71,GSE149614
GSE149614,HCC01T,Fibroblast,PARP1,0.3701923076923077,0.27403846153846156,208,GSE149614
GSE149614,HCC01T,Other,PARP1,0.45454545454545453,0.36363636363636365,11,GSE149614
GSE149614,HCC08T,Hepatocyte_cholangiocyte,PARP1,2.1720955483170465,0.6091205211726385,1842,GSE149614
GSE149614,HCC08T,T_NK,PARP1,0.5829596412556054,0.2428998505231689,1338,GSE149614
GSE149614,HCC08T,Myeloid,PARP1,0.23232323232323232,0.17003367003367004,1188,GSE149614
GSE149614,HCC08T,Fibroblast,PARP1,0.26878612716763006,0.2138728323699422,346,GSE149614
GSE149614,HCC08T,Other,PARP1,1.3116883116883118,0.37662337662337664,77,GSE149614
GSE149614,HCC08T,Endothelial,PARP1,0.3333333333333333,0.23809523809523808,42,GSE149614
GSE149614,HCC08P,Hepatocyte_cholangiocyte,PARP1,4.511481597986788,0.8065429380308273,3179,GSE149614
GSE149614,HCC08P,T_NK,PARP1,3.2902298850574714,0.6408045977011494,348,GSE149614
GSE149614,HCC08P,Myeloid,PARP1,0.7819905213270142,0.38388625592417064,422,GSE149614
GSE149614,HCC08P,Other,PARP1,3.0,0.6153846153846154,39,GSE149614
GSE149614,HCC08P,Endothelial,PARP1,0.5686274509803921,0.43137254901960786,51,GSE149614
GSE149614,HCC08P,Fibroblast,PARP1,0.8737864077669902,0.5533980582524272,103,GSE149614
GSE149614,HCC08N,T_NK,PARP1,0.16023593020398133,0.14180388301794053,4069,GSE149614
GSE149614,HCC08N,Other,PARP1,0.5064102564102564,0.391025641025641,156,GSE149614
GSE149614,HCC08N,Endothelial,PARP1,0.2867647058823529,0.21323529411764705,136,GSE149614
GSE149614,HCC08N,Fibroblast,PARP1,0.26229508196721313,0.2459016393442623,61,GSE149614
GSE149614,HCC08N,Myeloid,PARP1,0.28700906344410876,0.21450151057401812,331,GSE149614
GSE149614,HCC08N,Hepatocyte_cholangiocyte,PARP1,0.5714285714285714,0.3333333333333333,42,GSE149614
GSE149614,HCC05T,T_NK,PARP1,0.49222797927461137,0.3290155440414508,386,GSE149614
GSE149614,HCC05T,Fibroblast,PARP1,0.4418604651162791,0.3313953488372093,172,GSE149614
GSE149614,HCC05T,Hepatocyte_cholangiocyte,PARP1,0.4437194127243067,0.3197389885807504,1226,GSE149614
GSE149614,HCC05T,Endothelial,PARP1,0.5372848948374761,0.3632887189292543,523,GSE149614
GSE149614,HCC05T,Myeloid,PARP1,0.5087538619979403,0.36251287332646753,971,GSE149614
GSE149614,HCC05T,Other,PARP1,0.64,0.44,75,GSE149614
GSE149614,HCC05N,T_NK,PARP1,0.2523570081709617,0.21338780641106223,3182,GSE149614
GSE149614,HCC05N,Myeloid,PARP1,0.5233644859813084,0.36098130841121495,856,GSE149614
GSE149614,HCC05N,Endothelial,PARP1,0.23275862068965517,0.19540229885057472,348,GSE149614
GSE149614,HCC05N,Fibroblast,PARP1,0.48148148148148145,0.37037037037037035,27,GSE149614
GSE149614,HCC05N,Hepatocyte_cholangiocyte,PARP1,0.49056603773584906,0.3584905660377358,53,GSE149614
GSE149614,HCC05N,Other,PARP1,0.6052631578947368,0.4368421052631579,190,GSE149614
GSE149614,HCC02T,Other,PARP1,1.8818973862536301,0.6050338818973863,1033,GSE149614
GSE149614,HCC02T,Hepatocyte_cholangiocyte,PARP1,5.80528511821975,0.9207232267037552,2157,GSE149614
GSE149614,HCC02T,Myeloid,PARP1,1.8508946322067594,0.6660039761431411,503,GSE149614
GSE149614,HCC02T,T_NK,PARP1,3.141732283464567,0.7900262467191601,381,GSE149614
GSE149614,HCC02T,Endothelial,PARP1,0.6428571428571429,0.42857142857142855,14,GSE149614
GSE149614,HCC02T,Fibroblast,PARP1,1.2307692307692308,0.6153846153846154,13,GSE149614
GSE149614,HCC04T,Hepatocyte_cholangiocyte,PARP1,2.428280358598207,0.6907090464547677,2454,GSE149614
GSE149614,HCC04T,Myeloid,PARP1,0.7661538461538462,0.42153846153846153,650,GSE149614
GSE149614,HCC04T,T_NK,PARP1,2.205533596837945,0.6324110671936759,253,GSE149614
GSE149614,HCC04T,Endothelial,PARP1,0.7333333333333333,0.43333333333333335,30,GSE149614
GSE149614,HCC04T,Fibroblast,PARP1,0.6555555555555556,0.4,90,GSE149614
GSE149614,HCC04T,Other,PARP1,2.9583333333333335,0.6666666666666666,24,GSE149614
GSE149614,HCC04N,Hepatocyte_cholangiocyte,PARP1,0.5460122699386503,0.34662576687116564,326,GSE149614
GSE149614,HCC04N,Myeloid,PARP1,0.18214716525934863,0.15440289505428226,829,GSE149614
GSE149614,HCC04N,T_NK,PARP1,0.1306366047745358,0.10344827586206896,1508,GSE149614
GSE149614,HCC04N,Other,PARP1,0.2393617021276596,0.19148936170212766,188,GSE149614
GSE149614,HCC04N,Endothelial,PARP1,0.1530398322851153,0.14046121593291405,477,GSE149614
GSE149614,HCC04N,Fibroblast,PARP1,0.22058823529411764,0.17647058823529413,68,GSE149614
GSE149614,HCC03T,Hepatocyte_cholangiocyte,PARP1,0.897524467472654,0.52475532527346,3474,GSE149614
GSE149614,HCC03T,Myeloid,PARP1,0.5835721107927412,0.3763132760267431,1047,GSE149614
GSE149614,HCC03T,T_NK,PARP1,1.4679802955665024,0.6600985221674877,203,GSE149614
GSE149614,HCC03T,Endothelial,PARP1,1.1,0.5,20,GSE149614
GSE149614,HCC03T,Other,PARP1,1.2394366197183098,0.4788732394366197,71,GSE149614
GSE149614,HCC03T,Fibroblast,PARP1,0.5,0.4,10,GSE149614
GSE149614,HCC03N,Myeloid,PARP1,0.102,0.094,1000,GSE149614
GSE149614,HCC03N,Endothelial,PARP1,0.10091743119266056,0.0871559633027523,218,GSE149614
GSE149614,HCC03N,Hepatocyte_cholangiocyte,PARP1,0.13422007255139057,0.11970979443772672,827,GSE149614
GSE149614,HCC03N,T_NK,PARP1,0.14492753623188406,0.11594202898550725,414,GSE149614
GSE149614,HCC03N,Other,PARP1,0.1322314049586777,0.11570247933884298,121,GSE149614
GSE149614,HCC03N,Fibroblast,PARP1,0.047619047619047616,0.047619047619047616,21,GSE149614
GSE149614,HCC09T,Other,PARP1,1.1578947368421053,0.2982456140350877,57,GSE149614
GSE149614,HCC09T,Myeloid,PARP1,0.30892448512585813,0.21967963386727687,437,GSE149614
GSE149614,HCC09T,Fibroblast,PARP1,0.23943661971830985,0.18309859154929578,142,GSE149614
GSE149614,HCC09T,Hepatocyte_cholangiocyte,PARP1,2.249160510409671,0.6689053055742109,1489,GSE149614
GSE149614,HCC09T,T_NK,PARP1,0.4914196567862715,0.23868954758190328,641,GSE149614
GSE149614,HCC09T,Endothelial,PARP1,0.16,0.1,50,GSE149614
GSE149614,HCC09N,Myeloid,PARP1,0.2,0.15223880597014924,335,GSE149614
GSE149614,HCC09N,Endothelial,PARP1,0.25170068027210885,0.20408163265306123,147,GSE149614
GSE149614,HCC09N,T_NK,PARP1,0.15826612903225806,0.12600806451612903,992,GSE149614
GSE149614,HCC09N,Other,PARP1,0.27956989247311825,0.23297491039426524,279,GSE149614
GSE149614,HCC09N,Hepatocyte_cholangiocyte,PARP1,0.2714285714285714,0.19285714285714287,140,GSE149614
GSE149614,HCC09N,Fibroblast,PARP1,0.11594202898550725,0.08695652173913043,69,GSE149614
GSE149614,HCC10T,Myeloid,PARP1,0.19119496855345913,0.14465408805031446,795,GSE149614
GSE149614,HCC10T,T_NK,PARP1,0.15575916230366493,0.11910994764397906,764,GSE149614
GSE149614,HCC10T,Hepatocyte_cholangiocyte,PARP1,0.7399141630901288,0.36738197424892705,1165,GSE149614
GSE149614,HCC10T,Fibroblast,PARP1,0.12121212121212122,0.12121212121212122,33,GSE149614
GSE149614,HCC10T,Other,PARP1,0.24242424242424243,0.12121212121212122,33,GSE149614
GSE149614,HCC10T,Endothelial,PARP1,0.0,0.0,9,GSE149614
GSE149614,HCC10L,Hepatocyte_cholangiocyte,PARP1,1.3909774436090225,0.5228981544771019,1463,GSE149614
GSE149614,HCC10L,T_NK,PARP1,0.5938144329896907,0.3216494845360825,485,GSE149614
GSE149614,HCC10L,Other,PARP1,0.6024096385542169,0.3172690763052209,249,GSE149614
GSE149614,HCC10L,Myeloid,PARP1,0.6539855072463768,0.2898550724637681,552,GSE149614
GSE149614,HCC10L,Fibroblast,PARP1,0.42424242424242425,0.16666666666666666,66,GSE149614
GSE149614,HCC10L,Endothelial,PARP1,0.42857142857142855,0.2857142857142857,28,GSE149614
GSE149614,HCC10N,T_NK,PARP1,0.06609071274298056,0.058315334773218146,2315,GSE149614
GSE149614,HCC10N,Endothelial,PARP1,0.1056338028169014,0.07746478873239436,142,GSE149614
GSE149614,HCC10N,Myeloid,PARP1,0.14025974025974025,0.11168831168831168,385,GSE149614
GSE149614,HCC10N,Hepatocyte_cholangiocyte,PARP1,0.10101010101010101,0.08080808080808081,99,GSE149614
GSE149614,HCC10N,Other,PARP1,0.13432835820895522,0.13432835820895522,67,GSE149614
GSE149614,HCC10N,Fibroblast,PARP1,0.046875,0.046875,64,GSE149614
GSE149614,HCC07T,Myeloid,PARP1,0.20253164556962025,0.16033755274261605,237,GSE149614
GSE149614,HCC07T,Other,PARP1,0.24,0.22666666666666666,75,GSE149614
GSE149614,HCC07T,Hepatocyte_cholangiocyte,PARP1,1.2823529411764707,0.4117647058823529,85,GSE149614
GSE149614,HCC07T,T_NK,PARP1,0.16666666666666666,0.14705882352941177,102,GSE149614
GSE149614,HCC07T,Fibroblast,PARP1,0.0,0.0,11,GSE149614
GSE149614,HCC07P,Myeloid,PARP1,0.4608915054667788,0.31118587047939444,1189,GSE149614
GSE149614,HCC07P,Other,PARP1,0.35251798561151076,0.2949640287769784,139,GSE149614
GSE149614,HCC07P,T_NK,PARP1,0.8305084745762712,0.3644067796610169,236,GSE149614
GSE149614,HCC07P,Fibroblast,PARP1,0.22988505747126436,0.19540229885057472,87,GSE149614
GSE149614,HCC07P,Endothelial,PARP1,0.32142857142857145,0.25,28,GSE149614
GSE149614,HCC07P,Hepatocyte_cholangiocyte,PARP1,2.22,0.6133333333333333,150,GSE149614
GSE149614,HCC07N,T_NK,PARP1,0.27755430410297666,0.2252614641995173,2486,GSE149614
GSE149614,HCC07N,Myeloid,PARP1,0.38516746411483255,0.27751196172248804,836,GSE149614
GSE149614,HCC07N,Endothelial,PARP1,0.23837209302325582,0.18023255813953487,172,GSE149614
GSE149614,HCC07N,Other,PARP1,0.6936416184971098,0.3930635838150289,173,GSE149614
GSE149614,HCC07N,Hepatocyte_cholangiocyte,PARP1,0.9433962264150944,0.41509433962264153,53,GSE149614
GSE149614,HCC07N,Fibroblast,PARP1,0.15,0.15,20,GSE149614
GSE149614,HCC06N,T_NK,PARP1,0.18568807339449542,0.1618348623853211,2725,GSE149614
GSE149614,HCC06N,Myeloid,PARP1,0.3629112662013958,0.26021934197407776,1003,GSE149614
GSE149614,HCC06N,Endothelial,PARP1,0.2100456621004566,0.1872146118721461,219,GSE149614
GSE149614,HCC06N,Hepatocyte_cholangiocyte,PARP1,0.2620967741935484,0.18951612903225806,248,GSE149614
GSE149614,HCC06N,Fibroblast,PARP1,0.2413793103448276,0.16091954022988506,87,GSE149614
GSE149614,HCC06N,Other,PARP1,0.3879781420765027,0.3005464480874317,183,GSE149614
GSE149614,HCC06T,T_NK,PARP1,0.32525741974560873,0.24894003634161113,1651,GSE149614
GSE149614,HCC06T,Other,PARP1,0.44269662921348313,0.3348314606741573,445,GSE149614
GSE149614,HCC06T,Fibroblast,PARP1,0.28169014084507044,0.2306338028169014,568,GSE149614
GSE149614,HCC06T,Myeloid,PARP1,0.4794359576968273,0.3384253819036428,851,GSE149614
GSE149614,HCC06T,Endothelial,PARP1,0.427797833935018,0.29783393501805056,554,GSE149614
GSE149614,HCC06T,Hepatocyte_cholangiocyte,PARP1,0.7907949790794979,0.4100418410041841,239,GSE149614
GSE149614,HCC01T,T_NK,CASP3,0.19964028776978418,0.1510791366906475,1112,GSE149614
GSE149614,HCC01T,Myeloid,CASP3,0.12679738562091503,0.11764705882352941,1530,GSE149614
GSE149614,HCC01T,Endothelial,CASP3,0.21788990825688073,0.19036697247706422,436,GSE149614
GSE149614,HCC01T,Hepatocyte_cholangiocyte,CASP3,0.36619718309859156,0.2676056338028169,71,GSE149614
GSE149614,HCC01T,Fibroblast,CASP3,0.3125,0.2548076923076923,208,GSE149614
GSE149614,HCC01T,Other,CASP3,0.09090909090909091,0.09090909090909091,11,GSE149614
GSE149614,HCC08T,Hepatocyte_cholangiocyte,CASP3,0.4837133550488599,0.2969598262757872,1842,GSE149614
GSE149614,HCC08T,T_NK,CASP3,0.273542600896861,0.19506726457399104,1338,GSE149614
GSE149614,HCC08T,Myeloid,CASP3,0.13804713804713806,0.12205387205387205,1188,GSE149614
GSE149614,HCC08T,Fibroblast,CASP3,0.1329479768786127,0.12138728323699421,346,GSE149614
GSE149614,HCC08T,Other,CASP3,0.33766233766233766,0.22077922077922077,77,GSE149614
GSE149614,HCC08T,Endothelial,CASP3,0.16666666666666666,0.16666666666666666,42,GSE149614
GSE149614,HCC08P,Hepatocyte_cholangiocyte,CASP3,0.7194086190625983,0.4199433784208871,3179,GSE149614
GSE149614,HCC08P,T_NK,CASP3,0.7988505747126436,0.40804597701149425,348,GSE149614
GSE149614,HCC08P,Myeloid,CASP3,0.19194312796208532,0.15165876777251186,422,GSE149614
GSE149614,HCC08P,Other,CASP3,0.358974358974359,0.2564102564102564,39,GSE149614
GSE149614,HCC08P,Endothelial,CASP3,0.37254901960784315,0.2549019607843137,51,GSE149614
GSE149614,HCC08P,Fibroblast,CASP3,0.4563106796116505,0.34951456310679613,103,GSE149614
GSE149614,HCC08N,T_NK,CASP3,0.23887933153108873,0.19537970017203243,4069,GSE149614
GSE149614,HCC08N,Other,CASP3,0.19230769230769232,0.15384615384615385,156,GSE149614
GSE149614,HCC08N,Endothelial,CASP3,0.22058823529411764,0.17647058823529413,136,GSE149614
GSE149614,HCC08N,Fibroblast,CASP3,0.14754098360655737,0.09836065573770492,61,GSE149614
GSE149614,HCC08N,Myeloid,CASP3,0.2175226586102719,0.1691842900302115,331,GSE149614
GSE149614,HCC08N,Hepatocyte_cholangiocyte,CASP3,0.2857142857142857,0.21428571428571427,42,GSE149614
GSE149614,HCC05T,T_NK,CASP3,0.17357512953367876,0.14507772020725387,386,GSE149614
GSE149614,HCC05T,Fibroblast,CASP3,0.21511627906976744,0.19186046511627908,172,GSE149614
GSE149614,HCC05T,Hepatocyte_cholangiocyte,CASP3,0.18433931484502447,0.15905383360522024,1226,GSE149614
GSE149614,HCC05T,Endothelial,CASP3,0.22753346080305928,0.1988527724665392,523,GSE149614
GSE149614,HCC05T,Myeloid,CASP3,0.2255406797116375,0.19052523171987643,971,GSE149614
GSE149614,HCC05T,Other,CASP3,0.32,0.21333333333333335,75,GSE149614
GSE149614,HCC05N,T_NK,CASP3,0.18667504714016342,0.1643620364550597,3182,GSE149614
GSE149614,HCC05N,Myeloid,CASP3,0.17289719626168223,0.16004672897196262,856,GSE149614
GSE149614,HCC05N,Endothelial,CASP3,0.12931034482758622,0.1206896551724138,348,GSE149614
GSE149614,HCC05N,Fibroblast,CASP3,0.1111111111111111,0.1111111111111111,27,GSE149614
GSE149614,HCC05N,Hepatocyte_cholangiocyte,CASP3,0.1509433962264151,0.11320754716981132,53,GSE149614
GSE149614,HCC05N,Other,CASP3,0.29473684210526313,0.16842105263157894,190,GSE149614
GSE149614,HCC02T,Other,CASP3,1.1742497579864473,0.5682478218780251,1033,GSE149614
GSE149614,HCC02T,Hepatocyte_cholangiocyte,CASP3,0.4858599907278628,0.34677793231339826,2157,GSE149614
GSE149614,HCC02T,Myeloid,CASP3,0.558648111332008,0.36182902584493043,503,GSE149614
GSE149614,HCC02T,T_NK,CASP3,0.7559055118110236,0.49081364829396323,381,GSE149614
GSE149614,HCC02T,Endothelial,CASP3,0.14285714285714285,0.14285714285714285,14,GSE149614
GSE149614,HCC02T,Fibroblast,CASP3,0.46153846153846156,0.3076923076923077,13,GSE149614
GSE149614,HCC04T,Hepatocyte_cholangiocyte,CASP3,0.612876935615322,0.4013854930725346,2454,GSE149614
GSE149614,HCC04T,Myeloid,CASP3,0.26461538461538464,0.22,650,GSE149614
GSE149614,HCC04T,T_NK,CASP3,0.6403162055335968,0.4150197628458498,253,GSE149614
GSE149614,HCC04T,Endothelial,CASP3,0.26666666666666666,0.2,30,GSE149614
GSE149614,HCC04T,Fibroblast,CASP3,0.2777777777777778,0.2222222222222222,90,GSE149614
GSE149614,HCC04T,Other,CASP3,0.6666666666666666,0.375,24,GSE149614
GSE149614,HCC04N,Hepatocyte_cholangiocyte,CASP3,0.147239263803681,0.12576687116564417,326,GSE149614
GSE149614,HCC04N,Myeloid,CASP3,0.1097708082026538,0.09650180940892641,829,GSE149614
GSE149614,HCC04N,T_NK,CASP3,0.10212201591511937,0.09350132625994695,1508,GSE149614
GSE149614,HCC04N,Other,CASP3,0.1276595744680851,0.10638297872340426,188,GSE149614
GSE149614,HCC04N,Endothelial,CASP3,0.15513626834381553,0.129979035639413,477,GSE149614
GSE149614,HCC04N,Fibroblast,CASP3,0.19117647058823528,0.19117647058823528,68,GSE149614
GSE149614,HCC03T,Hepatocyte_cholangiocyte,CASP3,0.05469199769717904,0.05238917674150835,3474,GSE149614
GSE149614,HCC03T,Myeloid,CASP3,0.1451766953199618,0.12416427889207259,1047,GSE149614
GSE149614,HCC03T,T_NK,CASP3,0.2955665024630542,0.2512315270935961,203,GSE149614
GSE149614,HCC03T,Endothelial,CASP3,0.1,0.1,20,GSE149614
GSE149614,HCC03T,Other,CASP3,0.4507042253521127,0.36619718309859156,71,GSE149614
GSE149614,HCC03T,Fibroblast,CASP3,0.3,0.3,10,GSE149614
GSE149614,HCC03N,Myeloid,CASP3,0.035,0.035,1000,GSE149614
GSE149614,HCC03N,Endothelial,CASP3,0.05045871559633028,0.045871559633027525,218,GSE149614
GSE149614,HCC03N,Hepatocyte_cholangiocyte,CASP3,0.05078597339782346,0.049576783555018135,827,GSE149614
GSE149614,HCC03N,T_NK,CASP3,0.12560386473429952,0.12077294685990338,414,GSE149614
GSE149614,HCC03N,Other,CASP3,0.12396694214876033,0.09917355371900827,121,GSE149614
GSE149614,HCC03N,Fibroblast,CASP3,0.047619047619047616,0.047619047619047616,21,GSE149614
GSE149614,HCC09T,Other,CASP3,0.2982456140350877,0.17543859649122806,57,GSE149614
GSE149614,HCC09T,Myeloid,CASP3,0.13501144164759726,0.13272311212814644,437,GSE149614
GSE149614,HCC09T,Fibroblast,CASP3,0.29577464788732394,0.20422535211267606,142,GSE149614
GSE149614,HCC09T,Hepatocyte_cholangiocyte,CASP3,1.1920752182672936,0.544660846205507,1489,GSE149614
GSE149614,HCC09T,T_NK,CASP3,0.3338533541341654,0.187207488299532,641,GSE149614
GSE149614,HCC09T,Endothelial,CASP3,0.12,0.12,50,GSE149614
GSE149614,HCC09N,Myeloid,CASP3,0.10746268656716418,0.09253731343283582,335,GSE149614
GSE149614,HCC09N,Endothelial,CASP3,0.14285714285714285,0.1292517006802721,147,GSE149614
GSE149614,HCC09N,T_NK,CASP3,0.23286290322580644,0.19153225806451613,992,GSE149614
GSE149614,HCC09N,Other,CASP3,0.15053763440860216,0.11469534050179211,279,GSE149614
GSE149614,HCC09N,Hepatocyte_cholangiocyte,CASP3,0.12857142857142856,0.1,140,GSE149614
GSE149614,HCC09N,Fibroblast,CASP3,0.13043478260869565,0.13043478260869565,69,GSE149614
GSE149614,HCC10T,Myeloid,CASP3,0.12955974842767295,0.10943396226415095,795,GSE149614
GSE149614,HCC10T,T_NK,CASP3,0.18193717277486912,0.14267015706806283,764,GSE149614
GSE149614,HCC10T,Hepatocyte_cholangiocyte,CASP3,0.17253218884120172,0.13819742489270387,1165,GSE149614
GSE149614,HCC10T,Fibroblast,CASP3,0.21212121212121213,0.15151515151515152,33,GSE149614
GSE149614,HCC10T,Other,CASP3,0.18181818181818182,0.09090909090909091,33,GSE149614
GSE149614,HCC10T,Endothelial,CASP3,0.1111111111111111,0.1111111111111111,9,GSE149614
GSE149614,HCC10L,Hepatocyte_cholangiocyte,CASP3,0.16267942583732056,0.1367053998632946,1463,GSE149614
GSE149614,HCC10L,T_NK,CASP3,0.177319587628866,0.15257731958762888,485,GSE149614
GSE149614,HCC10L,Other,CASP3,0.20481927710843373,0.12449799196787148,249,GSE149614
GSE149614,HCC10L,Myeloid,CASP3,0.18115942028985507,0.1322463768115942,552,GSE149614
GSE149614,HCC10L,Fibroblast,CASP3,0.22727272727272727,0.18181818181818182,66,GSE149614
GSE149614,HCC10L,Endothelial,CASP3,0.14285714285714285,0.10714285714285714,28,GSE149614
GSE149614,HCC10N,T_NK,CASP3,0.13779697624190065,0.12138228941684666,2315,GSE149614
GSE149614,HCC10N,Endothelial,CASP3,0.09859154929577464,0.08450704225352113,142,GSE149614
GSE149614,HCC10N,Myeloid,CASP3,0.10909090909090909,0.1012987012987013,385,GSE149614
GSE149614,HCC10N,Hepatocyte_cholangiocyte,CASP3,0.04040404040404041,0.04040404040404041,99,GSE149614
GSE149614,HCC10N,Other,CASP3,0.08955223880597014,0.07462686567164178,67,GSE149614
GSE149614,HCC10N,Fibroblast,CASP3,0.0625,0.046875,64,GSE149614
GSE149614,HCC07T,Myeloid,CASP3,0.07172995780590717,0.06751054852320675,237,GSE149614
GSE149614,HCC07T,Other,CASP3,0.13333333333333333,0.08,75,GSE149614
GSE149614,HCC07T,Hepatocyte_cholangiocyte,CASP3,0.1411764705882353,0.10588235294117647,85,GSE149614
GSE149614,HCC07T,T_NK,CASP3,0.049019607843137254,0.049019607843137254,102,GSE149614
GSE149614,HCC07T,Fibroblast,CASP3,0.0,0.0,11,GSE149614
GSE149614,HCC07P,Myeloid,CASP3,0.14297729184188393,0.12531539108494533,1189,GSE149614
GSE149614,HCC07P,Other,CASP3,0.2949640287769784,0.22302158273381295,139,GSE149614
GSE149614,HCC07P,T_NK,CASP3,0.17796610169491525,0.1483050847457627,236,GSE149614
GSE149614,HCC07P,Fibroblast,CASP3,0.2413793103448276,0.1839080459770115,87,GSE149614
GSE149614,HCC07P,Endothelial,CASP3,0.17857142857142858,0.17857142857142858,28,GSE149614
GSE149614,HCC07P,Hepatocyte_cholangiocyte,CASP3,0.38666666666666666,0.24666666666666667,150,GSE149614
GSE149614,HCC07N,T_NK,CASP3,0.2180209171359614,0.18262268704746581,2486,GSE149614
GSE149614,HCC07N,Myeloid,CASP3,0.12440191387559808,0.11483253588516747,836,GSE149614
GSE149614,HCC07N,Endothelial,CASP3,0.1744186046511628,0.16279069767441862,172,GSE149614
GSE149614,HCC07N,Other,CASP3,0.3236994219653179,0.1676300578034682,173,GSE149614
GSE149614,HCC07N,Hepatocyte_cholangiocyte,CASP3,0.33962264150943394,0.22641509433962265,53,GSE149614
GSE149614,HCC07N,Fibroblast,CASP3,0.2,0.2,20,GSE149614
GSE149614,HCC06N,T_NK,CASP3,0.18642201834862385,0.15559633027522934,2725,GSE149614
GSE149614,HCC06N,Myeloid,CASP3,0.16849451645064806,0.14356929212362912,1003,GSE149614
GSE149614,HCC06N,Endothelial,CASP3,0.1963470319634703,0.1643835616438356,219,GSE149614
GSE149614,HCC06N,Hepatocyte_cholangiocyte,CASP3,0.0967741935483871,0.09274193548387097,248,GSE149614
GSE149614,HCC06N,Fibroblast,CASP3,0.10344827586206896,0.08045977011494253,87,GSE149614
GSE149614,HCC06N,Other,CASP3,0.2786885245901639,0.21311475409836064,183,GSE149614
GSE149614,HCC06T,T_NK,CASP3,0.14839491217443973,0.1308298001211387,1651,GSE149614
GSE149614,HCC06T,Other,CASP3,0.19101123595505617,0.14606741573033707,445,GSE149614
GSE149614,HCC06T,Fibroblast,CASP3,0.11267605633802817,0.1073943661971831,568,GSE149614
GSE149614,HCC06T,Myeloid,CASP3,0.2608695652173913,0.20211515863689777,851,GSE149614
GSE149614,HCC06T,Endothelial,CASP3,0.18411552346570398,0.1588447653429603,554,GSE149614
GSE149614,HCC06T,Hepatocyte_cholangiocyte,CASP3,0.13389121338912133,0.11297071129707113,239,GSE149614
GSE149614,HCC01T,T_NK,FAS,0.22571942446043167,0.18345323741007194,1112,GSE149614
GSE149614,HCC01T,Myeloid,FAS,0.060784313725490195,0.050980392156862744,1530,GSE149614
GSE149614,HCC01T,Endothelial,FAS,0.11926605504587157,0.10550458715596331,436,GSE149614
GSE149614,HCC01T,Hepatocyte_cholangiocyte,FAS,0.352112676056338,0.2112676056338028,71,GSE149614
GSE149614,HCC01T,Fibroblast,FAS,0.4326923076923077,0.2932692307692308,208,GSE149614
GSE149614,HCC01T,Other,FAS,0.0,0.0,11,GSE149614
GSE149614,HCC08T,Hepatocyte_cholangiocyte,FAS,0.028773072747014114,0.02823018458197611,1842,GSE149614
GSE149614,HCC08T,T_NK,FAS,0.2705530642750374,0.2040358744394619,1338,GSE149614
GSE149614,HCC08T,Myeloid,FAS,0.07996632996632996,0.06986531986531987,1188,GSE149614
GSE149614,HCC08T,Fibroblast,FAS,0.15606936416184972,0.13872832369942195,346,GSE149614
GSE149614,HCC08T,Other,FAS,0.03896103896103896,0.03896103896103896,77,GSE149614
GSE149614,HCC08T,Endothelial,FAS,0.07142857142857142,0.047619047619047616,42,GSE149614
GSE149614,HCC08P,Hepatocyte_cholangiocyte,FAS,0.012582573136206355,0.012582573136206355,3179,GSE149614
GSE149614,HCC08P,T_NK,FAS,0.15517241379310345,0.1235632183908046,348,GSE149614
GSE149614,HCC08P,Myeloid,FAS,0.04028436018957346,0.037914691943127965,422,GSE149614
GSE149614,HCC08P,Other,FAS,0.05128205128205128,0.05128205128205128,39,GSE149614
GSE149614,HCC08P,Endothelial,FAS,0.0196078431372549,0.0196078431372549,51,GSE149614
GSE149614,HCC08P,Fibroblast,FAS,0.23300970873786409,0.21359223300970873,103,GSE149614
GSE149614,HCC08N,T_NK,FAS,0.12558368149422464,0.10862619808306709,4069,GSE149614
GSE149614,HCC08N,Other,FAS,0.03205128205128205,0.03205128205128205,156,GSE149614
GSE149614,HCC08N,Endothelial,FAS,0.07352941176470588,0.07352941176470588,136,GSE149614
GSE149614,HCC08N,Fibroblast,FAS,0.08196721311475409,0.08196721311475409,61,GSE149614
GSE149614,HCC08N,Myeloid,FAS,0.13293051359516617,0.1148036253776435,331,GSE149614
GSE149614,HCC08N,Hepatocyte_cholangiocyte,FAS,0.07142857142857142,0.07142857142857142,42,GSE149614
GSE149614,HCC05T,T_NK,FAS,0.266839378238342,0.21761658031088082,386,GSE149614
GSE149614,HCC05T,Fibroblast,FAS,0.3430232558139535,0.29069767441860467,172,GSE149614
GSE149614,HCC05T,Hepatocyte_cholangiocyte,FAS,0.15089722675367048,0.13050570962479607,1226,GSE149614
GSE149614,HCC05T,Endothelial,FAS,0.1338432122370937,0.1147227533460803,523,GSE149614
GSE149614,HCC05T,Myeloid,FAS,0.07106076210092688,0.06282183316168898,971,GSE149614
GSE149614,HCC05T,Other,FAS,0.04,0.04,75,GSE149614
GSE149614,HCC05N,T_NK,FAS,0.180389692017599,0.15304839723444374,3182,GSE149614
GSE149614,HCC05N,Myeloid,FAS,0.08294392523364486,0.07593457943925233,856,GSE149614
GSE149614,HCC05N,Endothelial,FAS,0.10057471264367816,0.09482758620689655,348,GSE149614
GSE149614,HCC05N,Fibroblast,FAS,0.2222222222222222,0.2222222222222222,27,GSE149614
GSE149614,HCC05N,Hepatocyte_cholangiocyte,FAS,0.18867924528301888,0.1509433962264151,53,GSE149614
GSE149614,HCC05N,Other,FAS,0.04736842105263158,0.042105263157894736,190,GSE149614
GSE149614,HCC02T,Other,FAS,0.15488867376573087,0.12584704743465633,1033,GSE149614
GSE149614,HCC02T,Hepatocyte_cholangiocyte,FAS,0.09457579972183588,0.08762169680111266,2157,GSE149614
GSE149614,HCC02T,Myeloid,FAS,0.26043737574552683,0.1988071570576541,503,GSE149614
GSE149614,HCC02T,T_NK,FAS,0.30446194225721784,0.2677165354330709,381,GSE149614
GSE149614,HCC02T,Endothelial,FAS,0.07142857142857142,0.07142857142857142,14,GSE149614
GSE149614,HCC02T,Fibroblast,FAS,0.7692307692307693,0.5384615384615384,13,GSE149614
GSE149614,HCC04T,Hepatocyte_cholangiocyte,FAS,0.07579462102689487,0.07090464547677261,2454,GSE149614
GSE149614,HCC04T,Myeloid,FAS,0.07076923076923076,0.06307692307692307,650,GSE149614
GSE149614,HCC04T,T_NK,FAS,0.43478260869565216,0.308300395256917,253,GSE149614
GSE149614,HCC04T,Endothelial,FAS,0.13333333333333333,0.1,30,GSE149614
GSE149614,HCC04T,Fibroblast,FAS,0.2,0.14444444444444443,90,GSE149614
GSE149614,HCC04T,Other,FAS,0.041666666666666664,0.041666666666666664,24,GSE149614
GSE149614,HCC04N,Hepatocyte_cholangiocyte,FAS,0.17484662576687116,0.15030674846625766,326,GSE149614
GSE149614,HCC04N,Myeloid,FAS,0.07720144752714113,0.0735826296743064,829,GSE149614
GSE149614,HCC04N,T_NK,FAS,0.17506631299734748,0.15384615384615385,1508,GSE149614
GSE149614,HCC04N,Other,FAS,0.015957446808510637,0.015957446808510637,188,GSE149614
GSE149614,HCC04N,Endothelial,FAS,0.050314465408805034,0.04821802935010482,477,GSE149614
GSE149614,HCC04N,Fibroblast,FAS,0.16176470588235295,0.11764705882352941,68,GSE149614
GSE149614,HCC03T,Hepatocyte_cholangiocyte,FAS,0.039723661485319514,0.038860103626943004,3474,GSE149614
GSE149614,HCC03T,Myeloid,FAS,0.049665711556829036,0.04775549188156638,1047,GSE149614
GSE149614,HCC03T,T_NK,FAS,0.23645320197044334,0.19704433497536947,203,GSE149614
GSE149614,HCC03T,Endothelial,FAS,0.1,0.1,20,GSE149614
GSE149614,HCC03T,Other,FAS,0.09859154929577464,0.08450704225352113,71,GSE149614
GSE149614,HCC03T,Fibroblast,FAS,0.3,0.2,10,GSE149614
GSE149614,HCC03N,Myeloid,FAS,0.014,0.014,1000,GSE149614
GSE149614,HCC03N,Endothelial,FAS,0.045871559633027525,0.045871559633027525,218,GSE149614
GSE149614,HCC03N,Hepatocyte_cholangiocyte,FAS,0.04353083434099154,0.04232164449818621,827,GSE149614
GSE149614,HCC03N,T_NK,FAS,0.05314009661835749,0.04830917874396135,414,GSE149614
GSE149614,HCC03N,Other,FAS,0.04132231404958678,0.04132231404958678,121,GSE149614
GSE149614,HCC03N,Fibroblast,FAS,0.047619047619047616,0.047619047619047616,21,GSE149614
GSE149614,HCC09T,Other,FAS,0.05263157894736842,0.05263157894736842,57,GSE149614
GSE149614,HCC09T,Myeloid,FAS,0.06636155606407322,0.06178489702517163,437,GSE149614
GSE149614,HCC09T,Fibroblast,FAS,0.28169014084507044,0.2535211267605634,142,GSE149614
GSE149614,HCC09T,Hepatocyte_cholangiocyte,FAS,0.11215580926796508,0.09939556749496306,1489,GSE149614
GSE149614,HCC09T,T_NK,FAS,0.3213728549141966,0.23556942277691106,641,GSE149614
GSE149614,HCC09T,Endothelial,FAS,0.08,0.06,50,GSE149614
GSE149614,HCC09N,Myeloid,FAS,0.06865671641791045,0.0626865671641791,335,GSE149614
GSE149614,HCC09N,Endothelial,FAS,0.04081632653061224,0.04081632653061224,147,GSE149614
GSE149614,HCC09N,T_NK,FAS,0.1461693548387097,0.11794354838709678,992,GSE149614
GSE149614,HCC09N,Other,FAS,0.06093189964157706,0.05734767025089606,279,GSE149614
GSE149614,HCC09N,Hepatocyte_cholangiocyte,FAS,0.09285714285714286,0.07857142857142857,140,GSE149614
GSE149614,HCC09N,Fibroblast,FAS,0.11594202898550725,0.10144927536231885,69,GSE149614
GSE149614,HCC10T,Myeloid,FAS,0.055345911949685536,0.04905660377358491,795,GSE149614
GSE149614,HCC10T,T_NK,FAS,0.24607329842931938,0.18979057591623036,764,GSE149614
GSE149614,HCC10T,Hepatocyte_cholangiocyte,FAS,0.04291845493562232,0.03862660944206009,1165,GSE149614
GSE149614,HCC10T,Fibroblast,FAS,0.18181818181818182,0.15151515151515152,33,GSE149614
GSE149614,HCC10T,Other,FAS,0.09090909090909091,0.09090909090909091,33,GSE149614
GSE149614,HCC10T,Endothelial,FAS,0.0,0.0,9,GSE149614
GSE149614,HCC10L,Hepatocyte_cholangiocyte,FAS,0.02323991797676008,0.02323991797676008,1463,GSE149614
GSE149614,HCC10L,T_NK,FAS,0.21855670103092784,0.17525773195876287,485,GSE149614
GSE149614,HCC10L,Other,FAS,0.04417670682730924,0.040160642570281124,249,GSE149614
GSE149614,HCC10L,Myeloid,FAS,0.03260869565217391,0.028985507246376812,552,GSE149614
GSE149614,HCC10L,Fibroblast,FAS,0.2727272727272727,0.22727272727272727,66,GSE149614
GSE149614,HCC10L,Endothelial,FAS,0.0,0.0,28,GSE149614
GSE149614,HCC10N,T_NK,FAS,0.08423326133909287,0.07645788336933046,2315,GSE149614
GSE149614,HCC10N,Endothelial,FAS,0.035211267605633804,0.035211267605633804,142,GSE149614
GSE149614,HCC10N,Myeloid,FAS,0.05454545454545454,0.05194805194805195,385,GSE149614
GSE149614,HCC10N,Hepatocyte_cholangiocyte,FAS,0.04040404040404041,0.04040404040404041,99,GSE149614
GSE149614,HCC10N,Other,FAS,0.029850746268656716,0.029850746268656716,67,GSE149614
GSE149614,HCC10N,Fibroblast,FAS,0.09375,0.09375,64,GSE149614
GSE149614,HCC07T,Myeloid,FAS,0.02531645569620253,0.02531645569620253,237,GSE149614
GSE149614,HCC07T,Other,FAS,0.0,0.0,75,GSE149614
GSE149614,HCC07T,Hepatocyte_cholangiocyte,FAS,0.0,0.0,85,GSE149614
GSE149614,HCC07T,T_NK,FAS,0.10784313725490197,0.08823529411764706,102,GSE149614
GSE149614,HCC07T,Fibroblast,FAS,0.09090909090909091,0.09090909090909091,11,GSE149614
GSE149614,HCC07P,Myeloid,FAS,0.10008410428931876,0.08746846089150546,1189,GSE149614
GSE149614,HCC07P,Other,FAS,0.1366906474820144,0.11510791366906475,139,GSE149614
GSE149614,HCC07P,T_NK,FAS,0.2584745762711864,0.22033898305084745,236,GSE149614
GSE149614,HCC07P,Fibroblast,FAS,0.367816091954023,0.28735632183908044,87,GSE149614
GSE149614,HCC07P,Endothelial,FAS,0.03571428571428571,0.03571428571428571,28,GSE149614
GSE149614,HCC07P,Hepatocyte_cholangiocyte,FAS,0.02,0.013333333333333334,150,GSE149614
GSE149614,HCC07N,T_NK,FAS,0.16009654062751408,0.12791633145615447,2486,GSE149614
GSE149614,HCC07N,Myeloid,FAS,0.06698564593301436,0.05980861244019139,836,GSE149614
GSE149614,HCC07N,Endothelial,FAS,0.09302325581395349,0.0872093023255814,172,GSE149614
GSE149614,HCC07N,Other,FAS,0.08092485549132948,0.07514450867052024,173,GSE149614
GSE149614,HCC07N,Hepatocyte_cholangiocyte,FAS,0.1320754716981132,0.11320754716981132,53,GSE149614
GSE149614,HCC07N,Fibroblast,FAS,0.3,0.2,20,GSE149614
GSE149614,HCC06N,T_NK,FAS,0.10862385321100917,0.09688073394495413,2725,GSE149614
GSE149614,HCC06N,Myeloid,FAS,0.06181455633100698,0.05782652043868395,1003,GSE149614
GSE149614,HCC06N,Endothelial,FAS,0.1461187214611872,0.1187214611872146,219,GSE149614
GSE149614,HCC06N,Hepatocyte_cholangiocyte,FAS,0.12096774193548387,0.10080645161290322,248,GSE149614
GSE149614,HCC06N,Fibroblast,FAS,0.12643678160919541,0.11494252873563218,87,GSE149614
GSE149614,HCC06N,Other,FAS,0.04371584699453552,0.04371584699453552,183,GSE149614
GSE149614,HCC06T,T_NK,FAS,0.2089642640823743,0.17746820109024833,1651,GSE149614
GSE149614,HCC06T,Other,FAS,0.0449438202247191,0.038202247191011236,445,GSE149614
GSE149614,HCC06T,Fibroblast,FAS,0.1795774647887324,0.15140845070422534,568,GSE149614
GSE149614,HCC06T,Myeloid,FAS,0.11515863689776733,0.0963572267920094,851,GSE149614
GSE149614,HCC06T,Endothelial,FAS,0.04332129963898917,0.03790613718411552,554,GSE149614
GSE149614,HCC06T,Hepatocyte_cholangiocyte,FAS,0.11715481171548117,0.10460251046025104,239,GSE149614
GSE149614,HCC01T,T_NK,MGEA5,0.38669064748201437,0.2643884892086331,1112,GSE149614
GSE149614,HCC01T,Myeloid,MGEA5,0.2627450980392157,0.2281045751633987,1530,GSE149614
GSE149614,HCC01T,Endothelial,MGEA5,0.573394495412844,0.3738532110091743,436,GSE149614
GSE149614,HCC01T,Hepatocyte_cholangiocyte,MGEA5,0.8169014084507042,0.4788732394366197,71,GSE149614
GSE149614,HCC01T,Fibroblast,MGEA5,0.5336538461538461,0.3798076923076923,208,GSE149614
GSE149614,HCC01T,Other,MGEA5,0.09090909090909091,0.09090909090909091,11,GSE149614
GSE149614,HCC08T,Hepatocyte_cholangiocyte,MGEA5,0.7339847991313789,0.44082519001085774,1842,GSE149614
GSE149614,HCC08T,T_NK,MGEA5,0.35500747384155457,0.25112107623318386,1338,GSE149614
GSE149614,HCC08T,Myeloid,MGEA5,0.19023569023569023,0.16666666666666666,1188,GSE149614
GSE149614,HCC08T,Fibroblast,MGEA5,0.34104046242774566,0.28034682080924855,346,GSE149614
GSE149614,HCC08T,Other,MGEA5,0.5974025974025974,0.35064935064935066,77,GSE149614
GSE149614,HCC08T,Endothelial,MGEA5,0.5238095238095238,0.35714285714285715,42,GSE149614
GSE149614,HCC08P,Hepatocyte_cholangiocyte,MGEA5,0.934570619691727,0.46240956275558354,3179,GSE149614
GSE149614,HCC08P,T_NK,MGEA5,0.8160919540229885,0.4540229885057471,348,GSE149614
GSE149614,HCC08P,Myeloid,MGEA5,0.32701421800947866,0.25118483412322273,422,GSE149614
GSE149614,HCC08P,Other,MGEA5,0.9230769230769231,0.5128205128205128,39,GSE149614
GSE149614,HCC08P,Endothelial,MGEA5,0.8431372549019608,0.43137254901960786,51,GSE149614
GSE149614,HCC08P,Fibroblast,MGEA5,0.5339805825242718,0.3786407766990291,103,GSE149614
GSE149614,HCC08N,T_NK,MGEA5,0.2641926763332514,0.22609977881543378,4069,GSE149614
GSE149614,HCC08N,Other,MGEA5,0.25,0.21794871794871795,156,GSE149614
GSE149614,HCC08N,Endothelial,MGEA5,0.4485294117647059,0.3235294117647059,136,GSE149614
GSE149614,HCC08N,Fibroblast,MGEA5,0.5573770491803278,0.39344262295081966,61,GSE149614
GSE149614,HCC08N,Myeloid,MGEA5,0.21148036253776434,0.18429003021148035,331,GSE149614
GSE149614,HCC08N,Hepatocyte_cholangiocyte,MGEA5,0.42857142857142855,0.2857142857142857,42,GSE149614
GSE149614,HCC05T,T_NK,MGEA5,0.43005181347150256,0.33419689119170987,386,GSE149614
GSE149614,HCC05T,Fibroblast,MGEA5,0.47093023255813954,0.36627906976744184,172,GSE149614
GSE149614,HCC05T,Hepatocyte_cholangiocyte,MGEA5,0.5611745513866232,0.39559543230016314,1226,GSE149614
GSE149614,HCC05T,Endothelial,MGEA5,0.7820267686424475,0.4359464627151052,523,GSE149614
GSE149614,HCC05T,Myeloid,MGEA5,0.2584963954685891,0.2203913491246138,971,GSE149614
GSE149614,HCC05T,Other,MGEA5,0.29333333333333333,0.22666666666666666,75,GSE149614
GSE149614,HCC05N,T_NK,MGEA5,0.26838466373350095,0.23161533626649905,3182,GSE149614
GSE149614,HCC05N,Myeloid,MGEA5,0.20327102803738317,0.17523364485981308,856,GSE149614
GSE149614,HCC05N,Endothelial,MGEA5,0.2988505747126437,0.23275862068965517,348,GSE149614
GSE149614,HCC05N,Fibroblast,MGEA5,0.4444444444444444,0.25925925925925924,27,GSE149614
GSE149614,HCC05N,Hepatocyte_cholangiocyte,MGEA5,0.5471698113207547,0.33962264150943394,53,GSE149614
GSE149614,HCC05N,Other,MGEA5,0.3736842105263158,0.3368421052631579,190,GSE149614
GSE149614,HCC02T,Other,MGEA5,0.37850919651500486,0.30880929332042595,1033,GSE149614
GSE149614,HCC02T,Hepatocyte_cholangiocyte,MGEA5,0.47519703291608717,0.3472415391747798,2157,GSE149614
GSE149614,HCC02T,Myeloid,MGEA5,0.34393638170974156,0.2664015904572565,503,GSE149614
GSE149614,HCC02T,T_NK,MGEA5,0.821522309711286,0.5511811023622047,381,GSE149614
GSE149614,HCC02T,Endothelial,MGEA5,0.8571428571428571,0.6428571428571429,14,GSE149614
GSE149614,HCC02T,Fibroblast,MGEA5,0.6923076923076923,0.46153846153846156,13,GSE149614
GSE149614,HCC04T,Hepatocyte_cholangiocyte,MGEA5,1.1772616136919316,0.537082314588427,2454,GSE149614
GSE149614,HCC04T,Myeloid,MGEA5,0.4230769230769231,0.30615384615384617,650,GSE149614
GSE149614,HCC04T,T_NK,MGEA5,0.8300395256916996,0.39920948616600793,253,GSE149614
GSE149614,HCC04T,Endothelial,MGEA5,1.1333333333333333,0.6333333333333333,30,GSE149614
GSE149614,HCC04T,Fibroblast,MGEA5,0.4888888888888889,0.37777777777777777,90,GSE149614
GSE149614,HCC04T,Other,MGEA5,1.6666666666666667,0.5833333333333334,24,GSE149614
GSE149614,HCC04N,Hepatocyte_cholangiocyte,MGEA5,0.9355828220858896,0.48773006134969327,326,GSE149614
GSE149614,HCC04N,Myeloid,MGEA5,0.19782870928829915,0.16767189384800965,829,GSE149614
GSE149614,HCC04N,T_NK,MGEA5,0.21816976127320956,0.17904509283819628,1508,GSE149614
GSE149614,HCC04N,Other,MGEA5,0.13297872340425532,0.1276595744680851,188,GSE149614
GSE149614,HCC04N,Endothelial,MGEA5,0.24947589098532494,0.1970649895178197,477,GSE149614
GSE149614,HCC04N,Fibroblast,MGEA5,0.4264705882352941,0.2647058823529412,68,GSE149614
GSE149614,HCC03T,Hepatocyte_cholangiocyte,MGEA5,0.35521013241220495,0.27691421991940124,3474,GSE149614
GSE149614,HCC03T,Myeloid,MGEA5,0.16523400191021967,0.13753581661891118,1047,GSE149614
GSE149614,HCC03T,T_NK,MGEA5,0.4876847290640394,0.3497536945812808,203,GSE149614
GSE149614,HCC03T,Endothelial,MGEA5,0.4,0.25,20,GSE149614
GSE149614,HCC03T,Other,MGEA5,0.23943661971830985,0.2112676056338028,71,GSE149614
GSE149614,HCC03T,Fibroblast,MGEA5,0.3,0.3,10,GSE149614
GSE149614,HCC03N,Myeloid,MGEA5,0.075,0.067,1000,GSE149614
GSE149614,HCC03N,Endothelial,MGEA5,0.15137614678899083,0.13302752293577982,218,GSE149614
GSE149614,HCC03N,Hepatocyte_cholangiocyte,MGEA5,0.2309552599758162,0.19105199516324062,827,GSE149614
GSE149614,HCC03N,T_NK,MGEA5,0.10869565217391304,0.0966183574879227,414,GSE149614
GSE149614,HCC03N,Other,MGEA5,0.049586776859504134,0.049586776859504134,121,GSE149614
GSE149614,HCC03N,Fibroblast,MGEA5,0.047619047619047616,0.047619047619047616,21,GSE149614
GSE149614,HCC09T,Other,MGEA5,0.19298245614035087,0.15789473684210525,57,GSE149614
GSE149614,HCC09T,Myeloid,MGEA5,0.10755148741418764,0.09610983981693363,437,GSE149614
GSE149614,HCC09T,Fibroblast,MGEA5,0.16901408450704225,0.15492957746478872,142,GSE149614
GSE149614,HCC09T,Hepatocyte_cholangiocyte,MGEA5,0.19677635997313633,0.1605104096709201,1489,GSE149614
GSE149614,HCC09T,T_NK,MGEA5,0.17628705148205928,0.1482059282371295,641,GSE149614
GSE149614,HCC09T,Endothelial,MGEA5,0.3,0.26,50,GSE149614
GSE149614,HCC09N,Myeloid,MGEA5,0.13134328358208955,0.12238805970149254,335,GSE149614
GSE149614,HCC09N,Endothelial,MGEA5,0.3333333333333333,0.21768707482993196,147,GSE149614
GSE149614,HCC09N,T_NK,MGEA5,0.17338709677419356,0.15625,992,GSE149614
GSE149614,HCC09N,Other,MGEA5,0.12544802867383512,0.10752688172043011,279,GSE149614
GSE149614,HCC09N,Hepatocyte_cholangiocyte,MGEA5,0.44285714285714284,0.30714285714285716,140,GSE149614
GSE149614,HCC09N,Fibroblast,MGEA5,0.2028985507246377,0.15942028985507245,69,GSE149614
GSE149614,HCC10T,Myeloid,MGEA5,0.13584905660377358,0.1270440251572327,795,GSE149614
GSE149614,HCC10T,T_NK,MGEA5,0.18717277486910994,0.1531413612565445,764,GSE149614
GSE149614,HCC10T,Hepatocyte_cholangiocyte,MGEA5,0.4248927038626609,0.2798283261802575,1165,GSE149614
GSE149614,HCC10T,Fibroblast,MGEA5,0.2727272727272727,0.2727272727272727,33,GSE149614
GSE149614,HCC10T,Other,MGEA5,0.15151515151515152,0.15151515151515152,33,GSE149614
GSE149614,HCC10T,Endothelial,MGEA5,0.2222222222222222,0.1111111111111111,9,GSE149614
GSE149614,HCC10L,Hepatocyte_cholangiocyte,MGEA5,0.4381408065618592,0.3137388926862611,1463,GSE149614
GSE149614,HCC10L,T_NK,MGEA5,0.31958762886597936,0.24742268041237114,485,GSE149614
GSE149614,HCC10L,Other,MGEA5,0.27309236947791166,0.22088353413654618,249,GSE149614
GSE149614,HCC10L,Myeloid,MGEA5,0.21014492753623187,0.15579710144927536,552,GSE149614
GSE149614,HCC10L,Fibroblast,MGEA5,0.42424242424242425,0.3181818181818182,66,GSE149614
GSE149614,HCC10L,Endothelial,MGEA5,0.39285714285714285,0.35714285714285715,28,GSE149614
GSE149614,HCC10N,T_NK,MGEA5,0.15377969762419005,0.13736501079913607,2315,GSE149614
GSE149614,HCC10N,Endothelial,MGEA5,0.2323943661971831,0.20422535211267606,142,GSE149614
GSE149614,HCC10N,Myeloid,MGEA5,0.14545454545454545,0.12727272727272726,385,GSE149614
GSE149614,HCC10N,Hepatocyte_cholangiocyte,MGEA5,0.2727272727272727,0.16161616161616163,99,GSE149614
GSE149614,HCC10N,Other,MGEA5,0.13432835820895522,0.11940298507462686,67,GSE149614
GSE149614,HCC10N,Fibroblast,MGEA5,0.203125,0.1875,64,GSE149614
GSE149614,HCC07T,Myeloid,MGEA5,0.10970464135021098,0.0970464135021097,237,GSE149614
GSE149614,HCC07T,Other,MGEA5,0.22666666666666666,0.17333333333333334,75,GSE149614
GSE149614,HCC07T,Hepatocyte_cholangiocyte,MGEA5,0.2823529411764706,0.2,85,GSE149614
GSE149614,HCC07T,T_NK,MGEA5,0.20588235294117646,0.16666666666666666,102,GSE149614
GSE149614,HCC07T,Fibroblast,MGEA5,0.2727272727272727,0.2727272727272727,11,GSE149614
GSE149614,HCC07P,Myeloid,MGEA5,0.25063078216989065,0.20353238015138772,1189,GSE149614
GSE149614,HCC07P,Other,MGEA5,0.30935251798561153,0.2589928057553957,139,GSE149614
GSE149614,HCC07P,T_NK,MGEA5,0.4830508474576271,0.3347457627118644,236,GSE149614
GSE149614,HCC07P,Fibroblast,MGEA5,0.3333333333333333,0.27586206896551724,87,GSE149614
GSE149614,HCC07P,Endothelial,MGEA5,0.4642857142857143,0.42857142857142855,28,GSE149614
GSE149614,HCC07P,Hepatocyte_cholangiocyte,MGEA5,0.6066666666666667,0.38,150,GSE149614
GSE149614,HCC07N,T_NK,MGEA5,0.31938857602574416,0.2670957361222848,2486,GSE149614
GSE149614,HCC07N,Myeloid,MGEA5,0.2452153110047847,0.22727272727272727,836,GSE149614
GSE149614,HCC07N,Endothelial,MGEA5,0.3546511627906977,0.29069767441860467,172,GSE149614
GSE149614,HCC07N,Other,MGEA5,0.3468208092485549,0.2947976878612717,173,GSE149614
GSE149614,HCC07N,Hepatocyte_cholangiocyte,MGEA5,0.7169811320754716,0.39622641509433965,53,GSE149614
GSE149614,HCC07N,Fibroblast,MGEA5,0.5,0.45,20,GSE149614
GSE149614,HCC06N,T_NK,MGEA5,0.3174311926605505,0.2730275229357798,2725,GSE149614
GSE149614,HCC06N,Myeloid,MGEA5,0.2193419740777667,0.18444666001994017,1003,GSE149614
GSE149614,HCC06N,Endothelial,MGEA5,0.3105022831050228,0.2602739726027397,219,GSE149614
GSE149614,HCC06N,Hepatocyte_cholangiocyte,MGEA5,0.2620967741935484,0.1935483870967742,248,GSE149614
GSE149614,HCC06N,Fibroblast,MGEA5,0.41379310344827586,0.2988505747126437,87,GSE149614
GSE149614,HCC06N,Other,MGEA5,0.3005464480874317,0.22950819672131148,183,GSE149614
GSE149614,HCC06T,T_NK,MGEA5,0.36644457904300426,0.290732889158086,1651,GSE149614
GSE149614,HCC06T,Other,MGEA5,0.38202247191011235,0.30786516853932583,445,GSE149614
GSE149614,HCC06T,Fibroblast,MGEA5,0.40492957746478875,0.3221830985915493,568,GSE149614
GSE149614,HCC06T,Myeloid,MGEA5,0.34430082256169214,0.2784958871915394,851,GSE149614
GSE149614,HCC06T,Endothelial,MGEA5,0.48014440433212996,0.36101083032490977,554,GSE149614
GSE149614,HCC06T,Hepatocyte_cholangiocyte,MGEA5,0.5271966527196653,0.3305439330543933,239,GSE149614
GSE149614,HCC01T,T_NK,BCL2,0.1789568345323741,0.14838129496402877,1112,GSE149614
GSE149614,HCC01T,Myeloid,BCL2,0.13594771241830064,0.11437908496732026,1530,GSE149614
GSE149614,HCC01T,Endothelial,BCL2,0.08944954128440367,0.08256880733944955,436,GSE149614
GSE149614,HCC01T,Hepatocyte_cholangiocyte,BCL2,0.09859154929577464,0.08450704225352113,71,GSE149614
GSE149614,HCC01T,Fibroblast,BCL2,0.1346153846153846,0.11057692307692307,208,GSE149614
GSE149614,HCC01T,Other,BCL2,0.18181818181818182,0.18181818181818182,11,GSE149614
GSE149614,HCC08T,Hepatocyte_cholangiocyte,BCL2,0.014657980456026058,0.014657980456026058,1842,GSE149614
GSE149614,HCC08T,T_NK,BCL2,0.09417040358744394,0.08445440956651719,1338,GSE149614
GSE149614,HCC08T,Myeloid,BCL2,0.03787878787878788,0.03787878787878788,1188,GSE149614
GSE149614,HCC08T,Fibroblast,BCL2,0.03468208092485549,0.03468208092485549,346,GSE149614
GSE149614,HCC08T,Other,BCL2,0.05194805194805195,0.05194805194805195,77,GSE149614
GSE149614,HCC08T,Endothelial,BCL2,0.047619047619047616,0.047619047619047616,42,GSE149614
GSE149614,HCC08P,Hepatocyte_cholangiocyte,BCL2,0.011324315822585718,0.0106951871657754,3179,GSE149614
GSE149614,HCC08P,T_NK,BCL2,0.10919540229885058,0.09195402298850575,348,GSE149614
GSE149614,HCC08P,Myeloid,BCL2,0.06872037914691943,0.06398104265402843,422,GSE149614
GSE149614,HCC08P,Other,BCL2,0.02564102564102564,0.02564102564102564,39,GSE149614
GSE149614,HCC08P,Endothelial,BCL2,0.0392156862745098,0.0392156862745098,51,GSE149614
GSE149614,HCC08P,Fibroblast,BCL2,0.05825242718446602,0.05825242718446602,103,GSE149614
GSE149614,HCC08N,T_NK,BCL2,0.09216023593020398,0.08405013516834603,4069,GSE149614
GSE149614,HCC08N,Other,BCL2,0.2948717948717949,0.22435897435897437,156,GSE149614
GSE149614,HCC08N,Endothelial,BCL2,0.051470588235294115,0.051470588235294115,136,GSE149614
GSE149614,HCC08N,Fibroblast,BCL2,0.01639344262295082,0.01639344262295082,61,GSE149614
GSE149614,HCC08N,Myeloid,BCL2,0.09667673716012085,0.08761329305135952,331,GSE149614
GSE149614,HCC08N,Hepatocyte_cholangiocyte,BCL2,0.16666666666666666,0.14285714285714285,42,GSE149614
GSE149614,HCC05T,T_NK,BCL2,0.22797927461139897,0.18393782383419688,386,GSE149614
GSE149614,HCC05T,Fibroblast,BCL2,0.12790697674418605,0.11046511627906977,172,GSE149614
GSE149614,HCC05T,Hepatocyte_cholangiocyte,BCL2,0.048939641109298535,0.044861337683523655,1226,GSE149614
GSE149614,HCC05T,Endothelial,BCL2,0.03441682600382409,0.03441682600382409,523,GSE149614
GSE149614,HCC05T,Myeloid,BCL2,0.12049433573635428,0.11122554067971163,971,GSE149614
GSE149614,HCC05T,Other,BCL2,0.24,0.21333333333333335,75,GSE149614
GSE149614,HCC05N,T_NK,BCL2,0.1583909490886235,0.13827781269641734,3182,GSE149614
GSE149614,HCC05N,Myeloid,BCL2,0.14369158878504673,0.12383177570093458,856,GSE149614
GSE149614,HCC05N,Endothelial,BCL2,0.03735632183908046,0.03735632183908046,348,GSE149614
GSE149614,HCC05N,Fibroblast,BCL2,0.14814814814814814,0.14814814814814814,27,GSE149614
GSE149614,HCC05N,Hepatocyte_cholangiocyte,BCL2,0.16981132075471697,0.1320754716981132,53,GSE149614
GSE149614,HCC05N,Other,BCL2,0.30526315789473685,0.26842105263157895,190,GSE149614
GSE149614,HCC02T,Other,BCL2,0.10261374636979671,0.0968054211035818,1033,GSE149614
GSE149614,HCC02T,Hepatocyte_cholangiocyte,BCL2,0.09550301344459898,0.08484005563282336,2157,GSE149614
GSE149614,HCC02T,Myeloid,BCL2,0.16500994035785288,0.15308151093439365,503,GSE149614
GSE149614,HCC02T,T_NK,BCL2,0.30971128608923887,0.2677165354330709,381,GSE149614
GSE149614,HCC02T,Endothelial,BCL2,0.0,0.0,14,GSE149614
GSE149614,HCC02T,Fibroblast,BCL2,0.3076923076923077,0.23076923076923078,13,GSE149614
GSE149614,HCC04T,Hepatocyte_cholangiocyte,BCL2,0.023634881825590873,0.022819885900570498,2454,GSE149614
GSE149614,HCC04T,Myeloid,BCL2,0.08,0.07384615384615385,650,GSE149614
GSE149614,HCC04T,T_NK,BCL2,0.11067193675889328,0.1067193675889328,253,GSE149614
GSE149614,HCC04T,Endothelial,BCL2,0.06666666666666667,0.06666666666666667,30,GSE149614
GSE149614,HCC04T,Fibroblast,BCL2,0.05555555555555555,0.05555555555555555,90,GSE149614
GSE149614,HCC04T,Other,BCL2,0.041666666666666664,0.041666666666666664,24,GSE149614
GSE149614,HCC04N,Hepatocyte_cholangiocyte,BCL2,0.08895705521472393,0.08282208588957055,326,GSE149614
GSE149614,HCC04N,Myeloid,BCL2,0.16646562123039807,0.14595898673100122,829,GSE149614
GSE149614,HCC04N,T_NK,BCL2,0.11803713527851459,0.11007957559681697,1508,GSE149614
GSE149614,HCC04N,Other,BCL2,0.22340425531914893,0.18617021276595744,188,GSE149614
GSE149614,HCC04N,Endothelial,BCL2,0.03563941299790356,0.033542976939203356,477,GSE149614
GSE149614,HCC04N,Fibroblast,BCL2,0.11764705882352941,0.11764705882352941,68,GSE149614
GSE149614,HCC03T,Hepatocyte_cholangiocyte,BCL2,0.01468048359240069,0.014392630972941854,3474,GSE149614
GSE149614,HCC03T,Myeloid,BCL2,0.1069723018147087,0.09455587392550144,1047,GSE149614
GSE149614,HCC03T,T_NK,BCL2,0.1625615763546798,0.13793103448275862,203,GSE149614
GSE149614,HCC03T,Endothelial,BCL2,0.05,0.05,20,GSE149614
GSE149614,HCC03T,Other,BCL2,0.014084507042253521,0.014084507042253521,71,GSE149614
GSE149614,HCC03T,Fibroblast,BCL2,0.1,0.1,10,GSE149614
GSE149614,HCC03N,Myeloid,BCL2,0.084,0.083,1000,GSE149614
GSE149614,HCC03N,Endothelial,BCL2,0.0045871559633027525,0.0045871559633027525,218,GSE149614
GSE149614,HCC03N,Hepatocyte_cholangiocyte,BCL2,0.019347037484885126,0.019347037484885126,827,GSE149614
GSE149614,HCC03N,T_NK,BCL2,0.06763285024154589,0.06038647342995169,414,GSE149614
GSE149614,HCC03N,Other,BCL2,0.09090909090909091,0.08264462809917356,121,GSE149614
GSE149614,HCC03N,Fibroblast,BCL2,0.0,0.0,21,GSE149614
GSE149614,HCC09T,Other,BCL2,0.0,0.0,57,GSE149614
GSE149614,HCC09T,Myeloid,BCL2,0.02517162471395881,0.02517162471395881,437,GSE149614
GSE149614,HCC09T,Fibroblast,BCL2,0.028169014084507043,0.028169014084507043,142,GSE149614
GSE149614,HCC09T,Hepatocyte_cholangiocyte,BCL2,0.001343183344526528,0.001343183344526528,1489,GSE149614
GSE149614,HCC09T,T_NK,BCL2,0.0421216848673947,0.0405616224648986,641,GSE149614
GSE149614,HCC09T,Endothelial,BCL2,0.02,0.02,50,GSE149614
GSE149614,HCC09N,Myeloid,BCL2,0.056716417910447764,0.05373134328358209,335,GSE149614
GSE149614,HCC09N,Endothelial,BCL2,0.006802721088435374,0.006802721088435374,147,GSE149614
GSE149614,HCC09N,T_NK,BCL2,0.03326612903225806,0.03125,992,GSE149614
GSE149614,HCC09N,Other,BCL2,0.03942652329749104,0.03942652329749104,279,GSE149614
GSE149614,HCC09N,Hepatocyte_cholangiocyte,BCL2,0.05714285714285714,0.05714285714285714,140,GSE149614
GSE149614,HCC09N,Fibroblast,BCL2,0.043478260869565216,0.043478260869565216,69,GSE149614
GSE149614,HCC10T,Myeloid,BCL2,0.08176100628930817,0.07169811320754717,795,GSE149614
GSE149614,HCC10T,T_NK,BCL2,0.060209424083769635,0.05759162303664921,764,GSE149614
GSE149614,HCC10T,Hepatocyte_cholangiocyte,BCL2,0.002575107296137339,0.002575107296137339,1165,GSE149614
GSE149614,HCC10T,Fibroblast,BCL2,0.06060606060606061,0.06060606060606061,33,GSE149614
GSE149614,HCC10T,Other,BCL2,0.09090909090909091,0.09090909090909091,33,GSE149614
GSE149614,HCC10T,Endothelial,BCL2,0.0,0.0,9,GSE149614
GSE149614,HCC10L,Hepatocyte_cholangiocyte,BCL2,0.00683526999316473,0.00683526999316473,1463,GSE149614
GSE149614,HCC10L,T_NK,BCL2,0.09690721649484536,0.088659793814433,485,GSE149614
GSE149614,HCC10L,Other,BCL2,0.03614457831325301,0.03614457831325301,249,GSE149614
GSE149614,HCC10L,Myeloid,BCL2,0.07246376811594203,0.06702898550724638,552,GSE149614
GSE149614,HCC10L,Fibroblast,BCL2,0.07575757575757576,0.06060606060606061,66,GSE149614
GSE149614,HCC10L,Endothelial,BCL2,0.0,0.0,28,GSE149614
GSE149614,HCC10N,T_NK,BCL2,0.04146868250539957,0.03801295896328294,2315,GSE149614
GSE149614,HCC10N,Endothelial,BCL2,0.04929577464788732,0.04225352112676056,142,GSE149614
GSE149614,HCC10N,Myeloid,BCL2,0.07272727272727272,0.06753246753246753,385,GSE149614
GSE149614,HCC10N,Hepatocyte_cholangiocyte,BCL2,0.04040404040404041,0.04040404040404041,99,GSE149614
GSE149614,HCC10N,Other,BCL2,0.1044776119402985,0.1044776119402985,67,GSE149614
GSE149614,HCC10N,Fibroblast,BCL2,0.0625,0.0625,64,GSE149614
GSE149614,HCC07T,Myeloid,BCL2,0.03375527426160337,0.03375527426160337,237,GSE149614
GSE149614,HCC07T,Other,BCL2,0.08,0.06666666666666667,75,GSE149614
GSE149614,HCC07T,Hepatocyte_cholangiocyte,BCL2,0.011764705882352941,0.011764705882352941,85,GSE149614
GSE149614,HCC07T,T_NK,BCL2,0.08823529411764706,0.0784313725490196,102,GSE149614
GSE149614,HCC07T,Fibroblast,BCL2,0.0,0.0,11,GSE149614
GSE149614,HCC07P,Myeloid,BCL2,0.1152228763666947,0.10513036164844407,1189,GSE149614
GSE149614,HCC07P,Other,BCL2,0.06474820143884892,0.06474820143884892,139,GSE149614
GSE149614,HCC07P,T_NK,BCL2,0.13983050847457626,0.1271186440677966,236,GSE149614
GSE149614,HCC07P,Fibroblast,BCL2,0.04597701149425287,0.04597701149425287,87,GSE149614
GSE149614,HCC07P,Endothelial,BCL2,0.0,0.0,28,GSE149614
GSE149614,HCC07P,Hepatocyte_cholangiocyte,BCL2,0.03333333333333333,0.03333333333333333,150,GSE149614
GSE149614,HCC07N,T_NK,BCL2,0.1170555108608206,0.10539018503620273,2486,GSE149614
GSE149614,HCC07N,Myeloid,BCL2,0.1519138755980861,0.1255980861244019,836,GSE149614
GSE149614,HCC07N,Endothelial,BCL2,0.05813953488372093,0.040697674418604654,172,GSE149614
GSE149614,HCC07N,Other,BCL2,0.2543352601156069,0.21965317919075145,173,GSE149614
GSE149614,HCC07N,Hepatocyte_cholangiocyte,BCL2,0.05660377358490566,0.05660377358490566,53,GSE149614
GSE149614,HCC07N,Fibroblast,BCL2,0.15,0.15,20,GSE149614
GSE149614,HCC06N,T_NK,BCL2,0.1511926605504587,0.12990825688073396,2725,GSE149614
GSE149614,HCC06N,Myeloid,BCL2,0.18943170488534397,0.15254237288135594,1003,GSE149614
GSE149614,HCC06N,Endothelial,BCL2,0.0365296803652968,0.0319634703196347,219,GSE149614
GSE149614,HCC06N,Hepatocyte_cholangiocyte,BCL2,0.0967741935483871,0.08064516129032258,248,GSE149614
GSE149614,HCC06N,Fibroblast,BCL2,0.04597701149425287,0.04597701149425287,87,GSE149614
GSE149614,HCC06N,Other,BCL2,0.33879781420765026,0.2896174863387978,183,GSE149614
GSE149614,HCC06T,T_NK,BCL2,0.42761962447001817,0.33131435493640216,1651,GSE149614
GSE149614,HCC06T,Other,BCL2,0.2696629213483146,0.22696629213483147,445,GSE149614
GSE149614,HCC06T,Fibroblast,BCL2,0.14612676056338028,0.125,568,GSE149614
GSE149614,HCC06T,Myeloid,BCL2,0.20211515863689777,0.15158636897767333,851,GSE149614
GSE149614,HCC06T,Endothelial,BCL2,0.0703971119133574,0.06678700361010831,554,GSE149614
GSE149614,HCC06T,Hepatocyte_cholangiocyte,BCL2,0.07531380753138076,0.06694560669456066,239,GSE149614
GSE149614,HCC01T,T_NK,MMP9,0.1393884892086331,0.07553956834532374,1112,GSE149614
GSE149614,HCC01T,Myeloid,MMP9,0.30196078431372547,0.20784313725490197,1530,GSE149614
GSE149614,HCC01T,Endothelial,MMP9,0.22477064220183487,0.1444954128440367,436,GSE149614
GSE149614,HCC01T,Hepatocyte_cholangiocyte,MMP9,0.49295774647887325,0.22535211267605634,71,GSE149614
GSE149614,HCC01T,Fibroblast,MMP9,0.2980769230769231,0.1201923076923077,208,GSE149614
GSE149614,HCC01T,Other,MMP9,0.0,0.0,11,GSE149614
GSE149614,HCC08T,Hepatocyte_cholangiocyte,MMP9,1.1509229098805647,0.5325732899022801,1842,GSE149614
GSE149614,HCC08T,T_NK,MMP9,0.3961136023916293,0.21674140508221226,1338,GSE149614
GSE149614,HCC08T,Myeloid,MMP9,11.978114478114477,0.6877104377104377,1188,GSE149614
GSE149614,HCC08T,Fibroblast,MMP9,0.9595375722543352,0.3815028901734104,346,GSE149614
GSE149614,HCC08T,Other,MMP9,0.7532467532467533,0.4155844155844156,77,GSE149614
GSE149614,HCC08T,Endothelial,MMP9,0.16666666666666666,0.16666666666666666,42,GSE149614
GSE149614,HCC08P,Hepatocyte_cholangiocyte,MMP9,0.18433469644542308,0.15822585718779492,3179,GSE149614
GSE149614,HCC08P,T_NK,MMP9,0.16666666666666666,0.14080459770114942,348,GSE149614
GSE149614,HCC08P,Myeloid,MMP9,3.751184834123223,0.523696682464455,422,GSE149614
GSE149614,HCC08P,Other,MMP9,0.15384615384615385,0.10256410256410256,39,GSE149614
GSE149614,HCC08P,Endothelial,MMP9,1.2745098039215685,0.17647058823529413,51,GSE149614
GSE149614,HCC08P,Fibroblast,MMP9,0.7087378640776699,0.17475728155339806,103,GSE149614
GSE149614,HCC08N,T_NK,MMP9,0.0162202015237159,0.014991398377979848,4069,GSE149614
GSE149614,HCC08N,Other,MMP9,0.00641025641025641,0.00641025641025641,156,GSE149614
GSE149614,HCC08N,Endothelial,MMP9,0.007352941176470588,0.007352941176470588,136,GSE149614
GSE149614,HCC08N,Fibroblast,MMP9,0.01639344262295082,0.01639344262295082,61,GSE149614
GSE149614,HCC08N,Myeloid,MMP9,0.09667673716012085,0.06042296072507553,331,GSE149614
GSE149614,HCC08N,Hepatocyte_cholangiocyte,MMP9,0.0,0.0,42,GSE149614
GSE149614,HCC05T,T_NK,MMP9,0.015544041450777202,0.015544041450777202,386,GSE149614
GSE149614,HCC05T,Fibroblast,MMP9,0.10465116279069768,0.03488372093023256,172,GSE149614
GSE149614,HCC05T,Hepatocyte_cholangiocyte,MMP9,0.009787928221859706,0.008156606851549755,1226,GSE149614
GSE149614,HCC05T,Endothelial,MMP9,0.0019120458891013384,0.0019120458891013384,523,GSE149614
GSE149614,HCC05T,Myeloid,MMP9,0.053553038105046344,0.027806385169927908,971,GSE149614
GSE149614,HCC05T,Other,MMP9,0.0,0.0,75,GSE149614
GSE149614,HCC05N,T_NK,MMP9,0.009113764927718416,0.008799497171590195,3182,GSE149614
GSE149614,HCC05N,Myeloid,MMP9,0.017523364485981307,0.012850467289719626,856,GSE149614
GSE149614,HCC05N,Endothelial,MMP9,0.0,0.0,348,GSE149614
GSE149614,HCC05N,Fibroblast,MMP9,0.0,0.0,27,GSE149614
GSE149614,HCC05N,Hepatocyte_cholangiocyte,MMP9,0.0,0.0,53,GSE149614
GSE149614,HCC05N,Other,MMP9,0.0,0.0,190,GSE149614
GSE149614,HCC02T,Other,MMP9,0.06873184898354308,0.061955469506292354,1033,GSE149614
GSE149614,HCC02T,Hepatocyte_cholangiocyte,MMP9,0.07046824292999536,0.0593416782568382,2157,GSE149614
GSE149614,HCC02T,Myeloid,MMP9,6.415506958250497,0.562624254473161,503,GSE149614
GSE149614,HCC02T,T_NK,MMP9,0.2388451443569554,0.06561679790026247,381,GSE149614
GSE149614,HCC02T,Endothelial,MMP9,0.21428571428571427,0.14285714285714285,14,GSE149614
GSE149614,HCC02T,Fibroblast,MMP9,1.8461538461538463,0.15384615384615385,13,GSE149614
GSE149614,HCC04T,Hepatocyte_cholangiocyte,MMP9,0.15362673186634065,0.13121434392828035,2454,GSE149614
GSE149614,HCC04T,Myeloid,MMP9,1.916923076923077,0.44461538461538463,650,GSE149614
GSE149614,HCC04T,T_NK,MMP9,0.1383399209486166,0.1067193675889328,253,GSE149614
GSE149614,HCC04T,Endothelial,MMP9,0.16666666666666666,0.16666666666666666,30,GSE149614
GSE149614,HCC04T,Fibroblast,MMP9,0.5333333333333333,0.1111111111111111,90,GSE149614
GSE149614,HCC04T,Other,MMP9,0.20833333333333334,0.20833333333333334,24,GSE149614
GSE149614,HCC04N,Hepatocyte_cholangiocyte,MMP9,0.046012269938650305,0.04294478527607362,326,GSE149614
GSE149614,HCC04N,Myeloid,MMP9,0.3606755126658625,0.12665862484921592,829,GSE149614
GSE149614,HCC04N,T_NK,MMP9,0.029177718832891247,0.01989389920424403,1508,GSE149614
GSE149614,HCC04N,Other,MMP9,0.005319148936170213,0.005319148936170213,188,GSE149614
GSE149614,HCC04N,Endothelial,MMP9,0.039832285115303984,0.03773584905660377,477,GSE149614
GSE149614,HCC04N,Fibroblast,MMP9,0.04411764705882353,0.04411764705882353,68,GSE149614
GSE149614,HCC03T,Hepatocyte_cholangiocyte,MMP9,0.03166378814047208,0.02936096718480138,3474,GSE149614
GSE149614,HCC03T,Myeloid,MMP9,0.9369627507163324,0.3228271251193887,1047,GSE149614
GSE149614,HCC03T,T_NK,MMP9,0.1477832512315271,0.08374384236453201,203,GSE149614
GSE149614,HCC03T,Endothelial,MMP9,0.0,0.0,20,GSE149614
GSE149614,HCC03T,Other,MMP9,0.056338028169014086,0.056338028169014086,71,GSE149614
GSE149614,HCC03T,Fibroblast,MMP9,0.0,0.0,10,GSE149614
GSE149614,HCC03N,Myeloid,MMP9,0.01,0.009,1000,GSE149614
GSE149614,HCC03N,Endothelial,MMP9,0.0045871559633027525,0.0045871559633027525,218,GSE149614
GSE149614,HCC03N,Hepatocyte_cholangiocyte,MMP9,0.006045949214026602,0.006045949214026602,827,GSE149614
GSE149614,HCC03N,T_NK,MMP9,0.007246376811594203,0.007246376811594203,414,GSE149614
GSE149614,HCC03N,Other,MMP9,0.0,0.0,121,GSE149614
GSE149614,HCC03N,Fibroblast,MMP9,0.0,0.0,21,GSE149614
GSE149614,HCC09T,Other,MMP9,0.017543859649122806,0.017543859649122806,57,GSE149614
GSE149614,HCC09T,Myeloid,MMP9,0.9565217391304348,0.2219679633867277,437,GSE149614
GSE149614,HCC09T,Fibroblast,MMP9,0.02112676056338028,0.014084507042253521,142,GSE149614
GSE149614,HCC09T,Hepatocyte_cholangiocyte,MMP9,0.013431833445265278,0.01208865010073875,1489,GSE149614
GSE149614,HCC09T,T_NK,MMP9,0.059282371294851796,0.0390015600624025,641,GSE149614
GSE149614,HCC09T,Endothelial,MMP9,0.0,0.0,50,GSE149614
GSE149614,HCC09N,Myeloid,MMP9,0.11641791044776119,0.05373134328358209,335,GSE149614
GSE149614,HCC09N,Endothelial,MMP9,0.0,0.0,147,GSE149614
GSE149614,HCC09N,T_NK,MMP9,0.01310483870967742,0.01310483870967742,992,GSE149614
GSE149614,HCC09N,Other,MMP9,0.007168458781362007,0.007168458781362007,279,GSE149614
GSE149614,HCC09N,Hepatocyte_cholangiocyte,MMP9,0.0,0.0,140,GSE149614
GSE149614,HCC09N,Fibroblast,MMP9,0.0,0.0,69,GSE149614
GSE149614,HCC10T,Myeloid,MMP9,3.0452830188679245,0.37735849056603776,795,GSE149614
GSE149614,HCC10T,T_NK,MMP9,0.028795811518324606,0.02617801047120419,764,GSE149614
GSE149614,HCC10T,Hepatocyte_cholangiocyte,MMP9,0.1356223175965665,0.05321888412017167,1165,GSE149614
GSE149614,HCC10T,Fibroblast,MMP9,0.09090909090909091,0.09090909090909091,33,GSE149614
GSE149614,HCC10T,Other,MMP9,0.030303030303030304,0.030303030303030304,33,GSE149614
GSE149614,HCC10T,Endothelial,MMP9,0.0,0.0,9,GSE149614
GSE149614,HCC10L,Hepatocyte_cholangiocyte,MMP9,0.03691045796308954,0.0355434039644566,1463,GSE149614
GSE149614,HCC10L,T_NK,MMP9,0.016494845360824743,0.016494845360824743,485,GSE149614
GSE149614,HCC10L,Other,MMP9,0.008032128514056224,0.008032128514056224,249,GSE149614
GSE149614,HCC10L,Myeloid,MMP9,1.9166666666666667,0.3605072463768116,552,GSE149614
GSE149614,HCC10L,Fibroblast,MMP9,0.030303030303030304,0.030303030303030304,66,GSE149614
GSE149614,HCC10L,Endothelial,MMP9,0.17857142857142858,0.07142857142857142,28,GSE149614
GSE149614,HCC10N,T_NK,MMP9,0.009503239740820735,0.009071274298056155,2315,GSE149614
GSE149614,HCC10N,Endothelial,MMP9,0.007042253521126761,0.007042253521126761,142,GSE149614
GSE149614,HCC10N,Myeloid,MMP9,0.04155844155844156,0.02857142857142857,385,GSE149614
GSE149614,HCC10N,Hepatocyte_cholangiocyte,MMP9,0.010101010101010102,0.010101010101010102,99,GSE149614
GSE149614,HCC10N,Other,MMP9,0.0,0.0,67,GSE149614
GSE149614,HCC10N,Fibroblast,MMP9,0.03125,0.015625,64,GSE149614
GSE149614,HCC07T,Myeloid,MMP9,2.7468354430379747,0.43037974683544306,237,GSE149614
GSE149614,HCC07T,Other,MMP9,0.3466666666666667,0.26666666666666666,75,GSE149614
GSE149614,HCC07T,Hepatocyte_cholangiocyte,MMP9,0.4588235294117647,0.27058823529411763,85,GSE149614
GSE149614,HCC07T,T_NK,MMP9,0.11764705882352941,0.06862745098039216,102,GSE149614
GSE149614,HCC07T,Fibroblast,MMP9,0.09090909090909091,0.09090909090909091,11,GSE149614
GSE149614,HCC07P,Myeloid,MMP9,0.767031118587048,0.23465096719932715,1189,GSE149614
GSE149614,HCC07P,Other,MMP9,0.05755395683453238,0.050359712230215826,139,GSE149614
GSE149614,HCC07P,T_NK,MMP9,0.08898305084745763,0.05084745762711865,236,GSE149614
GSE149614,HCC07P,Fibroblast,MMP9,0.11494252873563218,0.06896551724137931,87,GSE149614
GSE149614,HCC07P,Endothelial,MMP9,0.03571428571428571,0.03571428571428571,28,GSE149614
GSE149614,HCC07P,Hepatocyte_cholangiocyte,MMP9,0.09333333333333334,0.09333333333333334,150,GSE149614
GSE149614,HCC07N,T_NK,MMP9,0.008849557522123894,0.008849557522123894,2486,GSE149614
GSE149614,HCC07N,Myeloid,MMP9,0.06937799043062201,0.045454545454545456,836,GSE149614
GSE149614,HCC07N,Endothelial,MMP9,0.011627906976744186,0.011627906976744186,172,GSE149614
GSE149614,HCC07N,Other,MMP9,0.011560693641618497,0.011560693641618497,173,GSE149614
GSE149614,HCC07N,Hepatocyte_cholangiocyte,MMP9,0.018867924528301886,0.018867924528301886,53,GSE149614
GSE149614,HCC07N,Fibroblast,MMP9,0.0,0.0,20,GSE149614
GSE149614,HCC06N,T_NK,MMP9,0.011743119266055046,0.010642201834862385,2725,GSE149614
GSE149614,HCC06N,Myeloid,MMP9,0.0259222333000997,0.01296111665004985,1003,GSE149614
GSE149614,HCC06N,Endothelial,MMP9,0.0182648401826484,0.0136986301369863,219,GSE149614
GSE149614,HCC06N,Hepatocyte_cholangiocyte,MMP9,0.004032258064516129,0.004032258064516129,248,GSE149614
GSE149614,HCC06N,Fibroblast,MMP9,0.0,0.0,87,GSE149614
GSE149614,HCC06N,Other,MMP9,0.0,0.0,183,GSE149614
GSE149614,HCC06T,T_NK,MMP9,0.03876438522107813,0.034524530587522716,1651,GSE149614
GSE149614,HCC06T,Other,MMP9,0.04044943820224719,0.038202247191011236,445,GSE149614
GSE149614,HCC06T,Fibroblast,MMP9,0.02640845070422535,0.02640845070422535,568,GSE149614
GSE149614,HCC06T,Myeloid,MMP9,2.056404230317274,0.36662749706227965,851,GSE149614
GSE149614,HCC06T,Endothelial,MMP9,0.0703971119133574,0.032490974729241874,554,GSE149614
GSE149614,HCC06T,Hepatocyte_cholangiocyte,MMP9,0.11297071129707113,0.0502092050209205,239,GSE149614
GSE149614,HCC01T,T_NK,BAX,1.3848920863309353,0.4577338129496403,1112,GSE149614
GSE149614,HCC01T,Myeloid,BAX,0.7993464052287582,0.5117647058823529,1530,GSE149614
GSE149614,HCC01T,Endothelial,BAX,3.2454128440366974,0.8325688073394495,436,GSE149614
GSE149614,HCC01T,Hepatocyte_cholangiocyte,BAX,5.338028169014085,0.704225352112676,71,GSE149614
GSE149614,HCC01T,Fibroblast,BAX,3.0240384615384617,0.8317307692307693,208,GSE149614
GSE149614,HCC01T,Other,BAX,0.2727272727272727,0.18181818181818182,11,GSE149614
GSE149614,HCC08T,Hepatocyte_cholangiocyte,BAX,2.4283387622149837,0.6976112920738328,1842,GSE149614
GSE149614,HCC08T,T_NK,BAX,0.8557548579970105,0.40433482810164423,1338,GSE149614
GSE149614,HCC08T,Myeloid,BAX,1.1885521885521886,0.5824915824915825,1188,GSE149614
GSE149614,HCC08T,Fibroblast,BAX,1.361271676300578,0.6416184971098265,346,GSE149614
GSE149614,HCC08T,Other,BAX,1.1428571428571428,0.42857142857142855,77,GSE149614
GSE149614,HCC08T,Endothelial,BAX,1.5,0.6428571428571429,42,GSE149614
GSE149614,HCC08P,Hepatocyte_cholangiocyte,BAX,3.750235923246304,0.8420887071406102,3179,GSE149614
GSE149614,HCC08P,T_NK,BAX,3.057471264367816,0.75,348,GSE149614
GSE149614,HCC08P,Myeloid,BAX,1.8033175355450237,0.7582938388625592,422,GSE149614
GSE149614,HCC08P,Other,BAX,3.0256410256410255,0.6923076923076923,39,GSE149614
GSE149614,HCC08P,Endothelial,BAX,2.7058823529411766,0.7647058823529411,51,GSE149614
GSE149614,HCC08P,Fibroblast,BAX,3.0,0.8349514563106796,103,GSE149614
GSE149614,HCC08N,T_NK,BAX,0.3706070287539936,0.2850823298107643,4069,GSE149614
GSE149614,HCC08N,Other,BAX,0.30128205128205127,0.2564102564102564,156,GSE149614
GSE149614,HCC08N,Endothelial,BAX,1.1470588235294117,0.5661764705882353,136,GSE149614
GSE149614,HCC08N,Fibroblast,BAX,0.6885245901639344,0.4098360655737705,61,GSE149614
GSE149614,HCC08N,Myeloid,BAX,0.9546827794561934,0.5649546827794562,331,GSE149614
GSE149614,HCC08N,Hepatocyte_cholangiocyte,BAX,0.9523809523809523,0.4523809523809524,42,GSE149614
GSE149614,HCC05T,T_NK,BAX,0.8963730569948186,0.4896373056994819,386,GSE149614
GSE149614,HCC05T,Fibroblast,BAX,2.552325581395349,0.7732558139534884,172,GSE149614
GSE149614,HCC05T,Hepatocyte_cholangiocyte,BAX,1.0114192495921697,0.5750407830342578,1226,GSE149614
GSE149614,HCC05T,Endothelial,BAX,3.0669216061185467,0.7858508604206501,523,GSE149614
GSE149614,HCC05T,Myeloid,BAX,1.0834191555097836,0.611740473738414,971,GSE149614
GSE149614,HCC05T,Other,BAX,0.68,0.4266666666666667,75,GSE149614
GSE149614,HCC05N,T_NK,BAX,0.390634820867379,0.30263984915147707,3182,GSE149614
GSE149614,HCC05N,Myeloid,BAX,0.9240654205607477,0.5560747663551402,856,GSE149614
GSE149614,HCC05N,Endothelial,BAX,0.8218390804597702,0.5,348,GSE149614
GSE149614,HCC05N,Fibroblast,BAX,0.5555555555555556,0.4074074074074074,27,GSE149614
GSE149614,HCC05N,Hepatocyte_cholangiocyte,BAX,0.8301886792452831,0.4339622641509434,53,GSE149614
GSE149614,HCC05N,Other,BAX,0.37894736842105264,0.32105263157894737,190,GSE149614
GSE149614,HCC02T,Other,BAX,0.7424975798644724,0.3717328170377541,1033,GSE149614
GSE149614,HCC02T,Hepatocyte_cholangiocyte,BAX,2.350023180343069,0.8034306907742235,2157,GSE149614
GSE149614,HCC02T,Myeloid,BAX,2.5964214711729623,0.8330019880715706,503,GSE149614
GSE149614,HCC02T,T_NK,BAX,1.8136482939632546,0.6955380577427821,381,GSE149614
GSE149614,HCC02T,Endothelial,BAX,2.4285714285714284,0.7857142857142857,14,GSE149614
GSE149614,HCC02T,Fibroblast,BAX,3.6923076923076925,0.7692307692307693,13,GSE149614
GSE149614,HCC04T,Hepatocyte_cholangiocyte,BAX,2.5566422167889162,0.7546862265688672,2454,GSE149614
GSE149614,HCC04T,Myeloid,BAX,1.2323076923076923,0.6184615384615385,650,GSE149614
GSE149614,HCC04T,T_NK,BAX,2.5652173913043477,0.7312252964426877,253,GSE149614
GSE149614,HCC04T,Endothelial,BAX,2.7666666666666666,0.8,30,GSE149614
GSE149614,HCC04T,Fibroblast,BAX,2.2444444444444445,0.8444444444444444,90,GSE149614
GSE149614,HCC04T,Other,BAX,3.0833333333333335,0.7916666666666666,24,GSE149614
GSE149614,HCC04N,Hepatocyte_cholangiocyte,BAX,0.8404907975460123,0.4754601226993865,326,GSE149614
GSE149614,HCC04N,Myeloid,BAX,0.5223160434258143,0.3703256936067551,829,GSE149614
GSE149614,HCC04N,T_NK,BAX,0.2453580901856764,0.1903183023872679,1508,GSE149614
GSE149614,HCC04N,Other,BAX,0.1595744680851064,0.13829787234042554,188,GSE149614
GSE149614,HCC04N,Endothelial,BAX,0.8385744234800838,0.4863731656184486,477,GSE149614
GSE149614,HCC04N,Fibroblast,BAX,1.1176470588235294,0.45588235294117646,68,GSE149614
GSE149614,HCC03T,Hepatocyte_cholangiocyte,BAX,1.0293609671848014,0.5774323546344272,3474,GSE149614
GSE149614,HCC03T,Myeloid,BAX,0.8538681948424068,0.5205348615090736,1047,GSE149614
GSE149614,HCC03T,T_NK,BAX,1.9852216748768472,0.7438423645320197,203,GSE149614
GSE149614,HCC03T,Endothelial,BAX,1.6,0.7,20,GSE149614
GSE149614,HCC03T,Other,BAX,0.6619718309859155,0.4084507042253521,71,GSE149614
GSE149614,HCC03T,Fibroblast,BAX,1.3,0.8,10,GSE149614
GSE149614,HCC03N,Myeloid,BAX,0.257,0.212,1000,GSE149614
GSE149614,HCC03N,Endothelial,BAX,0.29357798165137616,0.23853211009174313,218,GSE149614
GSE149614,HCC03N,Hepatocyte_cholangiocyte,BAX,0.19709794437726724,0.17654171704957677,827,GSE149614
GSE149614,HCC03N,T_NK,BAX,0.23429951690821257,0.20531400966183574,414,GSE149614
GSE149614,HCC03N,Other,BAX,0.15702479338842976,0.12396694214876033,121,GSE149614
GSE149614,HCC03N,Fibroblast,BAX,0.2857142857142857,0.2857142857142857,21,GSE149614
GSE149614,HCC09T,Other,BAX,0.7719298245614035,0.2982456140350877,57,GSE149614
GSE149614,HCC09T,Myeloid,BAX,0.8146453089244852,0.5148741418764302,437,GSE149614
GSE149614,HCC09T,Fibroblast,BAX,0.7464788732394366,0.4295774647887324,142,GSE149614
GSE149614,HCC09T,Hepatocyte_cholangiocyte,BAX,1.8206850235057086,0.6568166554734721,1489,GSE149614
GSE149614,HCC09T,T_NK,BAX,0.5351014040561622,0.2870514820592824,641,GSE149614
GSE149614,HCC09T,Endothelial,BAX,1.04,0.5,50,GSE149614
GSE149614,HCC09N,Myeloid,BAX,0.4388059701492537,0.34626865671641793,335,GSE149614
GSE149614,HCC09N,Endothelial,BAX,0.673469387755102,0.46258503401360546,147,GSE149614
GSE149614,HCC09N,T_NK,BAX,0.22580645161290322,0.1844758064516129,992,GSE149614
GSE149614,HCC09N,Other,BAX,0.16845878136200718,0.14336917562724014,279,GSE149614
GSE149614,HCC09N,Hepatocyte_cholangiocyte,BAX,0.8857142857142857,0.45,140,GSE149614
GSE149614,HCC09N,Fibroblast,BAX,0.37681159420289856,0.30434782608695654,69,GSE149614
GSE149614,HCC10T,Myeloid,BAX,0.8578616352201258,0.4817610062893082,795,GSE149614
GSE149614,HCC10T,T_NK,BAX,0.47774869109947643,0.2918848167539267,764,GSE149614
GSE149614,HCC10T,Hepatocyte_cholangiocyte,BAX,3.0549356223175965,0.688412017167382,1165,GSE149614
GSE149614,HCC10T,Fibroblast,BAX,1.0,0.5454545454545454,33,GSE149614
GSE149614,HCC10T,Other,BAX,0.36363636363636365,0.21212121212121213,33,GSE149614
GSE149614,HCC10T,Endothelial,BAX,0.2222222222222222,0.2222222222222222,9,GSE149614
GSE149614,HCC10L,Hepatocyte_cholangiocyte,BAX,3.3848257006151745,0.7737525632262474,1463,GSE149614
GSE149614,HCC10L,T_NK,BAX,0.9855670103092784,0.3463917525773196,485,GSE149614
GSE149614,HCC10L,Other,BAX,0.5060240963855421,0.3253012048192771,249,GSE149614
GSE149614,HCC10L,Myeloid,BAX,0.875,0.4927536231884058,552,GSE149614
GSE149614,HCC10L,Fibroblast,BAX,1.1363636363636365,0.5151515151515151,66,GSE149614
GSE149614,HCC10L,Endothelial,BAX,0.8214285714285714,0.5,28,GSE149614
GSE149614,HCC10N,T_NK,BAX,0.18185745140388768,0.1490280777537797,2315,GSE149614
GSE149614,HCC10N,Endothelial,BAX,0.3591549295774648,0.2605633802816901,142,GSE149614
GSE149614,HCC10N,Myeloid,BAX,0.574025974025974,0.4077922077922078,385,GSE149614
GSE149614,HCC10N,Hepatocyte_cholangiocyte,BAX,0.36363636363636365,0.29292929292929293,99,GSE149614
GSE149614,HCC10N,Other,BAX,0.08955223880597014,0.08955223880597014,67,GSE149614
GSE149614,HCC10N,Fibroblast,BAX,0.109375,0.09375,64,GSE149614
GSE149614,HCC07T,Myeloid,BAX,0.6497890295358649,0.4050632911392405,237,GSE149614
GSE149614,HCC07T,Other,BAX,0.26666666666666666,0.22666666666666666,75,GSE149614
GSE149614,HCC07T,Hepatocyte_cholangiocyte,BAX,0.7176470588235294,0.4235294117647059,85,GSE149614
GSE149614,HCC07T,T_NK,BAX,0.3235294117647059,0.22549019607843138,102,GSE149614
GSE149614,HCC07T,Fibroblast,BAX,0.5454545454545454,0.36363636363636365,11,GSE149614
GSE149614,HCC07P,Myeloid,BAX,1.2026913372582002,0.6257359125315392,1189,GSE149614
GSE149614,HCC07P,Other,BAX,0.30935251798561153,0.23741007194244604,139,GSE149614
GSE149614,HCC07P,T_NK,BAX,0.9449152542372882,0.4745762711864407,236,GSE149614
GSE149614,HCC07P,Fibroblast,BAX,1.1379310344827587,0.5862068965517241,87,GSE149614
GSE149614,HCC07P,Endothelial,BAX,0.6785714285714286,0.42857142857142855,28,GSE149614
GSE149614,HCC07P,Hepatocyte_cholangiocyte,BAX,1.5133333333333334,0.6,150,GSE149614
GSE149614,HCC07N,T_NK,BAX,0.42920353982300885,0.3149637972646822,2486,GSE149614
GSE149614,HCC07N,Myeloid,BAX,0.8110047846889952,0.5167464114832536,836,GSE149614
GSE149614,HCC07N,Endothelial,BAX,0.8488372093023255,0.5116279069767442,172,GSE149614
GSE149614,HCC07N,Other,BAX,0.3468208092485549,0.2774566473988439,173,GSE149614
GSE149614,HCC07N,Hepatocyte_cholangiocyte,BAX,0.5849056603773585,0.37735849056603776,53,GSE149614
GSE149614,HCC07N,Fibroblast,BAX,0.8,0.3,20,GSE149614
GSE149614,HCC06N,T_NK,BAX,0.4502752293577982,0.32146788990825687,2725,GSE149614
GSE149614,HCC06N,Myeloid,BAX,0.9282153539381854,0.5244267198404786,1003,GSE149614
GSE149614,HCC06N,Endothelial,BAX,1.2922374429223744,0.5981735159817352,219,GSE149614
GSE149614,HCC06N,Hepatocyte_cholangiocyte,BAX,0.5241935483870968,0.29435483870967744,248,GSE149614
GSE149614,HCC06N,Fibroblast,BAX,1.0,0.4827586206896552,87,GSE149614
GSE149614,HCC06N,Other,BAX,0.4207650273224044,0.32786885245901637,183,GSE149614
GSE149614,HCC06T,T_NK,BAX,0.8776499091459722,0.49061175045427013,1651,GSE149614
GSE149614,HCC06T,Other,BAX,0.41797752808988764,0.3101123595505618,445,GSE149614
GSE149614,HCC06T,Fibroblast,BAX,0.6214788732394366,0.39436619718309857,568,GSE149614
GSE149614,HCC06T,Myeloid,BAX,1.1104582843713278,0.5746180963572268,851,GSE149614
GSE149614,HCC06T,Endothelial,BAX,1.075812274368231,0.5595667870036101,554,GSE149614
GSE149614,HCC06T,Hepatocyte_cholangiocyte,BAX,0.8075313807531381,0.4476987447698745,239,GSE149614
