gene,group,peak_class_mode,patients_with_that_peak,n_patients,fraction_patients_agree,patient_peaks
BAX,network,Hepatocyte_cholangiocyte,9,21,0.42857142857142855,"Hepatocyte_cholangiocyte,Fibroblast,Endothelial,T_NK,Fibroblast,Other,Myeloid,Endothelial,Endothelial,Myeloid,Endothelial,Hepatocyte_cholangiocyte,Hepatocyte_cholangiocyte,Endothelial,Hepatocyte_cholangiocyte,Hepatocyte_cholangiocyte,Hepatocyte_cholangiocyte,Hepatocyte_cholangiocyte,Hepatocyte_cholangiocyte,Myeloid,Hepatocyte_cholangiocyte"
BCL2,network,Other,10,21,0.47619047619047616,"Other,T_NK,Other,T_NK,Other,T_NK,Other,Other,Other,T_NK,Other,T_NK,T_NK,Other,T_NK,T_NK,Hepatocyte_cholangiocyte,T_NK,T_NK,Other,Other"
CASP3,network,Hepatocyte_cholangiocyte,7,21,0.3333333333333333,"Hepatocyte_cholangiocyte,Other,T_NK,Other,Fibroblast,Other,Other,Other,Other,Myeloid,Hepatocyte_cholangiocyte,Hepatocyte_cholangiocyte,Hepatocyte_cholangiocyte,Hepatocyte_cholangiocyte,T_NK,Hepatocyte_cholangiocyte,T_NK,Hepatocyte_cholangiocyte,Fibroblast,T_NK,Fibroblast"
CASP9,network,Other,5,21,0.23809523809523808,"Hepatocyte_cholangiocyte,Hepatocyte_cholangiocyte,Myeloid,Endothelial,Myeloid,Other,Other,Fibroblast,Other,Fibroblast,Other,Endothelial,Hepatocyte_cholangiocyte,Fibroblast,T_NK,Endothelial,Myeloid,Other,Endothelial,Myeloid,Hepatocyte_cholangiocyte"
FAS,network,Fibroblast,10,21,0.47619047619047616,"Fibroblast,Fibroblast,T_NK,Fibroblast,T_NK,T_NK,Fibroblast,Fibroblast,Endothelial,T_NK,Fibroblast,Fibroblast,T_NK,Myeloid,Fibroblast,T_NK,T_NK,T_NK,Fibroblast,Fibroblast,T_NK"
GBA,experimental,Hepatocyte_cholangiocyte,13,21,0.6190476190476191,"Hepatocyte_cholangiocyte,Hepatocyte_cholangiocyte,Hepatocyte_cholangiocyte,T_NK,Hepatocyte_cholangiocyte,Other,Myeloid,Hepatocyte_cholangiocyte,Myeloid,Hepatocyte_cholangiocyte,Myeloid,Hepatocyte_cholangiocyte,Hepatocyte_cholangiocyte,Myeloid,Other,Hepatocyte_cholangiocyte,Hepatocyte_cholangiocyte,Hepatocyte_cholangiocyte,Hepatocyte_cholangiocyte,Myeloid,Hepatocyte_cholangiocyte"
MGEA5,experimental,Hepatocyte_cholangiocyte,14,21,0.6666666666666666,"Hepatocyte_cholangiocyte,Endothelial,Hepatocyte_cholangiocyte,T_NK,Hepatocyte_cholangiocyte,Other,Hepatocyte_cholangiocyte,Endothelial,Fibroblast,Hepatocyte_cholangiocyte,Hepatocyte_cholangiocyte,Hepatocyte_cholangiocyte,Hepatocyte_cholangiocyte,Fibroblast,Hepatocyte_cholangiocyte,Hepatocyte_cholangiocyte,Hepatocyte_cholangiocyte,Endothelial,Hepatocyte_cholangiocyte,Hepatocyte_cholangiocyte,Hepatocyte_cholangiocyte"
MMP9,experimental,Myeloid,19,21,0.9047619047619048,"Hepatocyte_cholangiocyte,Myeloid,Myeloid,Myeloid,Myeloid,Myeloid,Myeloid,Fibroblast,Myeloid,Myeloid,Myeloid,Myeloid,Myeloid,Myeloid,Myeloid,Myeloid,Myeloid,Myeloid,Myeloid,Myeloid,Myeloid"
PARP1,network,Hepatocyte_cholangiocyte,13,21,0.6190476190476191,"Hepatocyte_cholangiocyte,Hepatocyte_cholangiocyte,T_NK,T_NK,Hepatocyte_cholangiocyte,Other,Other,Other,Other,Hepatocyte_cholangiocyte,Hepatocyte_cholangiocyte,Hepatocyte_cholangiocyte,Hepatocyte_cholangiocyte,Hepatocyte_cholangiocyte,Hepatocyte_cholangiocyte,Hepatocyte_cholangiocyte,Other,Hepatocyte_cholangiocyte,Hepatocyte_cholangiocyte,Myeloid,Hepatocyte_cholangiocyte"
