gene,group,cox_beta_per_sd,cox_se,cox_p,n,model,cox_fdr
BAX,network,0.019705273448316397,0.07443302476299438,0.7912110602621295,425,"univariable Cox OS, same specification for both groups",0.7967229412175942
BCL2,network,-0.07364394480031275,0.07564709399559126,0.3302950179453684,425,"univariable Cox OS, same specification for both groups",0.49544252691805263
CASP3,network,-0.06183039972551239,0.07241274261462499,0.39318214166279375,425,"univariable Cox OS, same specification for both groups",0.505519896423592
CASP9,network,-0.019834916031129298,0.07700172922631576,0.7967229412175942,425,"univariable Cox OS, same specification for both groups",0.7967229412175942
FAS,network,-0.1876993805513725,0.07861470753197178,0.01695943110785071,425,"univariable Cox OS, same specification for both groups",0.05087829332355213
GBA,experimental,0.22753393464242627,0.07743941526177185,0.0033010411744289207,425,"univariable Cox OS, same specification for both groups",0.029709370569860286
MGEA5,experimental,-0.1938695857395197,0.0720263590091681,0.007110000120106346,425,"univariable Cox OS, same specification for both groups",0.03199500054047855
MMP9,experimental,0.12669336225785663,0.079083484359723,0.10915107886151541,425,"univariable Cox OS, same specification for both groups",0.19647194195072776
PARP1,network,0.11204375326114872,0.06965083082618313,0.10769306970284824,425,"univariable Cox OS, same specification for both groups",0.19647194195072776
