gene,group,n_tumor,n_normal,mean_tumor,mean_normal,delta_mean,p,fdr
BAX,network,371,50,10.107807008086253,9.281938000000002,0.8258690080862507,1.0513322499398007e-13,3.153996749819402e-13
BCL2,network,371,50,6.796890835579514,7.096696,-0.2998051644204853,0.028777679482082243,0.032374889417342526
CASP3,network,371,50,9.312743396226415,8.97823,0.3345133962264146,1.9844901357367998e-06,3.5720822443262394e-06
CASP9,network,371,50,8.349764150943397,8.487423999999999,-0.1376598490566021,0.22570388076521197,0.22570388076521197
FAS,network,371,50,7.992388679245282,8.976494,-0.9841053207547183,1.6262640930396473e-08,3.659094209339207e-08
GBA,experimental,371,50,11.4884948787062,10.222351999999999,1.2661428787062015,6.741638809896631e-25,6.067474928906968e-24
MGEA5,experimental,371,50,11.123736118598384,11.266896000000001,-0.14315988140161728,0.025963457370611676,0.032374889417342526
MMP9,experimental,371,50,7.556070080862533,6.032366,1.523704080862533,1.9961501281365424e-05,2.9942251922048132e-05
PARP1,network,371,50,11.843169272237198,11.183731999999997,0.6594372722372004,2.6612114622978026e-14,1.197545158034011e-13
