,TCGA-FV-A495-01,TCGA-G3-A3CH-11,TCGA-CC-A3MB-01,TCGA-BC-A3KF-01,TCGA-DD-A4NV-01,TCGA-CC-A1HT-01,TCGA-BD-A3EP-01,TCGA-FV-A3R2-11,TCGA-CC-A3MA-01,TCGA-ZP-A9CV-01,TCGA-DD-AACY-01,TCGA-XR-A8TG-01,TCGA-CC-A9FW-01,TCGA-BC-A10Y-01,TCGA-KR-A7K7-01,TCGA-ED-A459-01,TCGA-PD-A5DF-01,TCGA-ED-A5KG-01,TCGA-DD-AAVX-01,TCGA-ED-A7PY-01,TCGA-RC-A7SF-01,TCGA-DD-AAW0-01,TCGA-ED-A66X-01,TCGA-DD-AAC8-01,TCGA-FV-A3I1-01,TCGA-RC-A7S9-01,TCGA-ZP-A9D2-01,TCGA-G3-A5SL-01,TCGA-DD-A3A2-11,TCGA-CC-A3M9-01,TCGA-BC-A216-01,TCGA-ED-A7XP-01,TCGA-BC-A10T-11,TCGA-DD-A11A-01,TCGA-DD-A73B-01,TCGA-DD-AACA-02,TCGA-DD-AACA-01,TCGA-DD-A1EH-01,TCGA-DD-AA3A-01,TCGA-DD-A3A6-11,TCGA-RG-A7D4-01,TCGA-FV-A2QR-11,TCGA-DD-A73F-01,TCGA-WX-AA46-01,TCGA-K7-AAU7-01,TCGA-DD-A3A2-01,TCGA-EP-A26S-01,TCGA-DD-A1EG-11,TCGA-FV-A2QQ-01,TCGA-3K-AAZ8-01,TCGA-DD-A3A5-01,TCGA-DD-AADP-01,TCGA-CC-5259-01,TCGA-DD-AAD2-01,TCGA-ES-A2HT-01,TCGA-CC-A8HU-01,TCGA-ES-A2HS-01,TCGA-2Y-A9H0-01,TCGA-2V-A95S-01,TCGA-2Y-A9GU-01,TCGA-RC-A7SB-01,TCGA-FV-A4ZP-01,TCGA-DD-AAD3-01,TCGA-DD-A39X-11,TCGA-DD-AAW2-01,TCGA-DD-A39V-01,TCGA-DD-AADD-01,TCGA-DD-AADW-01,TCGA-DD-AACS-01,TCGA-2Y-A9H4-01,TCGA-DD-AADV-01,TCGA-G3-A7M7-01,TCGA-DD-A4NK-01,TCGA-ED-A97K-01,TCGA-T1-A6J8-01,TCGA-DD-AACV-01,TCGA-DD-A4NF-01,TCGA-DD-A3A8-01,TCGA-G3-A25S-01,TCGA-DD-A1EL-01,TCGA-DD-AACH-01,TCGA-DD-A119-11,TCGA-WQ-A9G7-01,TCGA-DD-A4NO-01,TCGA-G3-A7M9-01,TCGA-CC-5261-01,TCGA-ZS-A9CG-01,TCGA-CC-A123-01,TCGA-5R-AA1D-01,TCGA-BC-A69H-01,TCGA-DD-AAVZ-01,TCGA-DD-AAD0-01,TCGA-EP-A2KA-01,TCGA-2Y-A9HA-01,TCGA-DD-AACD-01,TCGA-DD-AAE7-01,TCGA-EP-A3RK-11,TCGA-BC-A8YO-01,TCGA-DD-AAE2-01,TCGA-DD-AAEG-01,TCGA-XR-A8TF-01,TCGA-CC-A5UC-01,TCGA-KR-A7K0-01,TCGA-CC-5263-01,TCGA-K7-A5RG-01,TCGA-G3-AAV4-01,TCGA-ED-A627-01,TCGA-2Y-A9GZ-01,TCGA-DD-AACX-01,TCGA-DD-AAVR-01,TCGA-G3-A25T-01,TCGA-MR-A8JO-01,TCGA-DD-AAEK-01,TCGA-DD-A1EE-01,TCGA-DD-AACL-01,TCGA-KR-A7K8-01,TCGA-FV-A3I0-01,TCGA-DD-A11B-11,TCGA-DD-AADA-01,TCGA-G3-A5SM-01,TCGA-G3-A3CH-01,TCGA-G3-AAUZ-01,TCGA-DD-AAVV-01,TCGA-DD-A4NP-01,TCGA-ED-A66Y-01,TCGA-LG-A6GG-01,TCGA-DD-AAE4-01,TCGA-HP-A5MZ-01,TCGA-G3-A5SI-01,TCGA-DD-A1EI-01,TCGA-G3-AAV1-01,TCGA-DD-A113-01,TCGA-BC-A10Y-11,TCGA-DD-AACB-01,TCGA-CC-A9FS-01,TCGA-BC-A5W4-01,TCGA-2Y-A9H5-01,TCGA-BW-A5NO-01,TCGA-CC-A7IE-01,TCGA-KR-A7K2-01,TCGA-DD-AADM-01,TCGA-CC-5258-01,TCGA-BW-A5NQ-01,TCGA-2Y-A9GX-01,TCGA-LG-A9QC-01,TCGA-FV-A3I1-11,TCGA-DD-A11C-01,TCGA-BC-A10Q-01,TCGA-4R-AA8I-01,TCGA-FV-A4ZQ-01,TCGA-BC-4073-01,TCGA-DD-AADQ-01,TCGA-DD-A1EA-01,TCGA-WQ-AB4B-01,TCGA-RC-A7SH-01,TCGA-BC-A10T-01,TCGA-DD-A11A-11,TCGA-DD-A39W-01,TCGA-RC-A6M5-01,TCGA-UB-A7MD-01,TCGA-2Y-A9H6-01,TCGA-5C-A9VG-01,TCGA-CC-5264-01,TCGA-DD-A4NS-01,TCGA-QA-A7B7-01,TCGA-DD-AAEB-01,TCGA-DD-A3A6-01,TCGA-UB-A7MF-01,TCGA-DD-AACW-01,TCGA-G3-A7M6-01,TCGA-GJ-A6C0-01,TCGA-DD-A3A3-01,TCGA-DD-A116-11,TCGA-WX-AA44-01,TCGA-MR-A520-01,TCGA-EP-A12J-11,TCGA-DD-AADK-01,TCGA-DD-A73D-01,TCGA-BW-A5NP-01,TCGA-DD-A4NN-01,TCGA-ZP-A9CZ-01,TCGA-CC-A8HS-01,TCGA-G3-A6UC-01,TCGA-CC-A7IH-01,TCGA-BC-A69I-01,TCGA-K7-A6G5-01,TCGA-BC-A10U-01,TCGA-DD-A4NG-01,TCGA-BD-A2L6-11,TCGA-UB-A7MC-01,TCGA-UB-AA0U-01,TCGA-DD-A4NB-01,TCGA-ED-A8O6-01,TCGA-DD-AACQ-01,TCGA-G3-AAV6-01,TCGA-DD-A3A4-01,TCGA-DD-A1EK-01,TCGA-DD-A114-11,TCGA-FV-A3R2-01,TCGA-DD-A39Z-11,TCGA-BC-A10Z-01,TCGA-WJ-A86L-01,TCGA-G3-A25Y-01,TCGA-ED-A82E-01,TCGA-DD-AACU-01,TCGA-DD-A4NJ-01,TCGA-2Y-A9H1-01,TCGA-BC-A10X-11,TCGA-FV-A496-01,TCGA-DD-A4ND-01,TCGA-DD-A11D-11,TCGA-DD-A1EF-01,TCGA-DD-A118-11,TCGA-DD-AAEH-01,TCGA-2Y-A9H2-01,TCGA-2Y-A9GW-01,TCGA-ZS-A9CE-01,TCGA-DD-A4NQ-01,TCGA-5C-AAPD-01,TCGA-DD-AAVW-01,TCGA-EP-A2KC-01,TCGA-MI-A75E-01,TCGA-DD-A116-01,TCGA-GJ-A9DB-01,TCGA-CC-A7IL-01,TCGA-DD-AACC-01,TCGA-FV-A3R3-01,TCGA-HP-A5N0-01,TCGA-K7-A5RF-01,TCGA-ED-A7PZ-01,TCGA-YA-A8S7-01,TCGA-DD-A39X-01,TCGA-DD-AACF-01,TCGA-DD-A1EC-01,TCGA-DD-AAE0-01,TCGA-G3-AAV0-01,TCGA-XR-A8TD-01,TCGA-DD-A1EE-11,TCGA-CC-A5UE-01,TCGA-DD-AACJ-01,TCGA-G3-AAV5-01,TCGA-DD-A1EB-11,TCGA-BC-A10W-11,TCGA-DD-AAVS-01,TCGA-DD-A11B-01,TCGA-MI-A75C-01,TCGA-ED-A8O5-01,TCGA-BC-4072-01,TCGA-DD-AAW3-01,TCGA-G3-A5SK-01,TCGA-BC-A110-01,TCGA-DD-A3A7-01,TCGA-BC-A10R-11,TCGA-DD-A1EI-11,TCGA-DD-AACN-01,TCGA-DD-AAD5-01,TCGA-CC-A3MC-01,TCGA-DD-A113-11,TCGA-DD-A1EJ-11,TCGA-DD-A73A-01,TCGA-DD-AADI-01,TCGA-CC-A7IG-01,TCGA-G3-AAV3-01,TCGA-MI-A75H-01,TCGA-DD-A73E-01,TCGA-2Y-A9H7-01,TCGA-CC-A8HV-01,TCGA-DD-AADJ-01,TCGA-DD-AAD6-01,TCGA-BC-A10S-01,TCGA-DD-A11C-11,TCGA-BC-A10Q-11,TCGA-LG-A9QD-01,TCGA-DD-A3A1-01,TCGA-DD-AACZ-01,TCGA-CC-A7IK-01,TCGA-DD-AADO-01,TCGA-CC-A7II-01,TCGA-RC-A6M3-01,TCGA-DD-A39W-11,TCGA-DD-AAW1-01,TCGA-NI-A8LF-01,TCGA-FV-A23B-01,TCGA-DD-AADC-01,TCGA-G3-A3CJ-01,TCGA-ZP-A9D1-01,TCGA-DD-A73C-01,TCGA-CC-A9FU-01,TCGA-G3-A25X-01,TCGA-DD-AACP-01,TCGA-UB-A7MB-01,TCGA-DD-AADG-01,TCGA-RC-A6M6-01,TCGA-DD-A4NH-01,TCGA-EP-A12J-01,TCGA-CC-5262-01,TCGA-ZS-A9CD-01,TCGA-DD-AAE9-01,TCGA-BD-A2L6-01,TCGA-DD-AAEI-01,TCGA-2Y-A9H3-01,TCGA-2Y-A9GV-01,TCGA-DD-AADS-01,TCGA-DD-A114-01,TCGA-DD-A39Z-01,TCGA-UB-A7MA-01,TCGA-EP-A2KB-01,TCGA-DD-AAEA-01,TCGA-UB-AA0V-01,TCGA-BD-A3EP-11,TCGA-ES-A2HT-11,TCGA-2Y-A9GY-01,TCGA-XR-A8TE-01,TCGA-ED-A4XI-01,TCGA-DD-AACG-01,TCGA-BC-A216-11,TCGA-NI-A4U2-01,TCGA-DD-AAC9-01,TCGA-DD-AAE1-01,TCGA-DD-A11D-01,TCGA-DD-AADY-01,TCGA-ZP-A9D4-01,TCGA-DD-AAED-01,TCGA-DD-AACK-01,TCGA-DD-AAVQ-01,TCGA-BC-A112-01,TCGA-DD-A118-01,TCGA-DD-AACO-01,TCGA-DD-A1EB-01,TCGA-DD-A4NL-01,TCGA-EP-A3JL-01,TCGA-DD-AAD8-01,TCGA-5R-AA1C-01,TCGA-G3-A3CI-01,TCGA-G3-A3CK-01,TCGA-MI-A75G-01,TCGA-G3-A5SJ-01,TCGA-DD-A3A4-11,TCGA-5R-AAAM-01,TCGA-BC-A3KG-01,TCGA-DD-A3A5-11,TCGA-DD-A1EH-11,TCGA-2Y-A9GS-01,TCGA-BD-A3ER-01,TCGA-BC-A10X-01,TCGA-MI-A75I-01,TCGA-DD-A1EC-11,TCGA-CC-A7IF-01,TCGA-DD-AACE-01,TCGA-DD-AAVY-01,TCGA-EP-A26S-11,TCGA-DD-A1EG-01,TCGA-ED-A7PX-01,TCGA-DD-AAD1-01,TCGA-DD-AADN-01,TCGA-DD-A3A3-11,TCGA-2Y-A9H9-01,TCGA-G3-A25Z-01,TCGA-BC-A10U-11,TCGA-BC-A217-01,TCGA-BC-A110-11,TCGA-BC-A10R-01,TCGA-ED-A7XO-01,TCGA-G3-AAV7-01,TCGA-GJ-A3OU-01,TCGA-DD-AADB-01,TCGA-RC-A7SK-01,TCGA-DD-A4NE-01,TCGA-DD-A39V-11,TCGA-DD-AACT-01,TCGA-ZP-A9D0-01,TCGA-DD-AADF-01,TCGA-DD-A1EJ-01,TCGA-DD-AAVU-01,TCGA-G3-A3CG-01,TCGA-BC-A10W-01,TCGA-O8-A75V-01,TCGA-DD-A3A9-01,TCGA-DD-A73G-01,TCGA-DD-A1ED-01,TCGA-WX-AA47-01,TCGA-G3-A7M5-01,TCGA-DD-A4NI-01,TCGA-2Y-A9H8-01,TCGA-DD-A3A8-11,TCGA-2Y-A9GT-01,TCGA-CC-5260-01,TCGA-DD-A1EL-11,TCGA-DD-A3A1-11,TCGA-DD-A119-01,TCGA-FV-A2QR-01,TCGA-G3-A25V-01,TCGA-CC-A8HT-01,TCGA-DD-AADL-01,TCGA-XR-A8TC-01,TCGA-CC-A7IJ-01,TCGA-FV-A23B-11,TCGA-5C-A9VH-01,TCGA-DD-AADR-01,TCGA-2Y-A9HB-01,TCGA-DD-AAE3-01,TCGA-DD-A4NA-01,TCGA-DD-AACI-01,TCGA-DD-AADU-01,TCGA-EP-A3RK-01,TCGA-CC-A5UD-01,TCGA-CC-A9FV-01,TCGA-DD-AAEE-01,TCGA-ZS-A9CF-02,TCGA-ZS-A9CF-01,TCGA-RC-A6M4-01,TCGA-G3-A7M8-01,TCGA-DD-AAVP-01,TCGA-UB-A7ME-01,TCGA-DD-A4NR-01,TCGA-G3-A25U-01,TCGA-DD-AAE6-01,TCGA-G3-AAV2-01,TCGA-BC-A10Z-11,TCGA-ZP-A9CY-01,TCGA-DD-A39Y-01,TCGA-DD-A115-01,TCGA-FV-A3I0-11
BAX,11.1852,9.3618,9.9619,10.167,9.8663,9.921,10.0024,9.3686,10.1625,9.3776,10.0637,9.3406,11.2919,8.6567,11.3785,9.5793,10.8068,10.3035,10.4093,10.1214,10.3823,9.5474,10.5345,10.7284,9.8566,11.2806,9.7263,8.9302,9.1337,11.0228,9.0493,9.1398,8.9122,8.6899,9.8783,10.2151,9.7921,9.6731,11.6375,9.7184,9.8395,10.4156,10.2168,9.9445,10.4009,9.0525,10.3228,9.5162,10.126,10.3647,10.1729,10.0624,10.4746,10.1287,10.1995,10.5764,10.9954,11.0188,10.6997,9.4357,9.4593,11.2396,9.5529,9.3417,9.3823,11.7165,9.9722,11.165,9.3685,10.1493,9.6353,10.4166,9.0531,10.333,9.7265,9.1108,9.447,9.5996,10.8561,10.5726,9.9297,8.5458,10.5005,9.3817,10.4608,10.0948,9.5787,12.2089,9.6424,11.457,10.2022,10.2021,10.8623,9.4058,10.1008,10.5801,9.278,9.5792,9.7641,9.6792,9.1335,11.1384,10.2669,10.0666,9.8024,9.6981,10.2917,9.805,9.8226,10.1226,12.3818,10.3535,9.8713,8.9648,10.9996,11.2004,10.6742,9.5159,9.979,9.6404,9.3779,10.8473,9.9556,10.1901,10.481,9.372,11.0539,9.4266,9.4632,9.5169,9.447,10.421,9.0194,10.1491,10.0293,10.0917,10.2025,9.8864,10.3999,11.2966,11.0905,9.153,9.4987,9.9047,9.6352,9.0287,9.635,10.9669,8.998,10.1253,9.2262,10.3955,9.1913,10.6011,9.7655,8.9253,8.852,9.4289,9.6824,9.9597,10.3149,10.4923,9.8923,9.6709,9.4174,10.0058,10.0426,10.908,10.653,10.7624,11.1164,10.3261,9.7398,9.0709,9.7647,9.0638,10.5869,8.8745,10.1034,11.252,9.963,10.3403,8.8735,9.8362,10.6819,10.434,9.1015,9.8038,10.1232,9.3346,10.0724,9.2075,9.8726,9.3452,11.9455,8.961,10.4753,9.4288,9.3845,9.2555,8.9648,9.2357,10.9909,11.1116,9.0719,10.2055,10.857,8.5735,9.4914,10.4557,9.0558,10.6059,8.8029,10.0464,10.4915,10.7069,9.6374,10.0361,10.9263,9.1771,10.5522,10.4251,10.8239,10.4286,9.0735,10.8057,9.7252,9.7256,9.6746,10.6763,10.6149,10.992,9.8998,9.7078,11.4334,11.2473,10.6757,9.3673,9.7852,10.477,11.263,9.1798,10.0872,10.4538,8.7424,10.6778,9.3977,9.232,10.0519,8.1236,9.9634,9.3377,8.4018,9.2997,10.0544,10.706,9.1771,8.9642,9.3139,9.7243,11.312,11.1644,10.759,10.4235,9.8051,10.4149,10.1688,10.391,11.1693,10.0921,9.2738,9.0432,9.8343,10.8327,10.0962,9.8875,12.0119,10.052,10.6179,8.6034,9.6972,8.85,10.9835,10.6483,10.0233,10.1869,8.6604,11.3137,10.9891,12.2576,9.8579,9.7352,9.8154,10.3807,9.2303,10.5985,10.2531,10.3283,10.5866,9.618,11.5015,9.3683,11.1853,10.2177,10.8778,10.4414,10.5932,9.8593,9.6823,8.8384,10.1561,11.3253,10.2364,9.7297,11.1561,9.1962,8.0897,10.4495,10.7423,8.6739,9.095,9.7843,9.1538,10.6488,10.9498,10.4124,9.7557,10.7063,7.9556,10.0966,10.6498,9.3799,10.3193,10.1063,10.1919,9.832,10.4506,9.441,8.9577,9.4511,8.8973,8.9021,9.5884,10.2559,9.556,9.645,8.5896,8.9952,8.8495,9.9101,9.2099,10.3903,11.3321,9.7466,11.3493,9.3012,9.6805,9.0963,8.8545,10.1163,8.2145,9.2336,10.5605,10.6873,10.3543,11.0775,8.8744,9.4323,9.785,10.7552,8.9292,11.5293,11.2497,10.8061,9.5659,10.2709,10.5856,10.6374,12.4261,9.7882,9.2867,10.254,9.7052,10.0098,10.0331,9.4446,10.8051,9.8222,10.6394,10.0979,9.8412,10.5582,10.1889,9.2918,9.6589,10.4757,10.1056,10.4624,9.7924,9.7233,10.579,9.8436,10.1952,9.3931,10.9078,9.9471,10.6304,9.3656,8.5972,9.4076,9.4709,9.8636,10.2245,10.7994,10.8243,9.0727,10.0061,10.0791,9.7506,9.8156,10.625,9.5662,8.7746
BCL2,7.2271,7.4046,6.2346,6.3865,8.0805,8.3752,8.0935,7.2825,9.4079,7.3005,6.3129,6.5994,5.437,6.0861,6.3458,5.6105,6.8189,10.4961,6.7655,4.6154,6.9147,8.2715,7.1042,5.2927,6.8641,6.0012,8.9261,6.9733,6.1717,7.6903,6.9515,7.7158,7.2319,6.3096,6.1823,5.807,6.4896,6.8897,7.8286,4.8147,7.2635,8.3733,7.3605,6.801,7.4288,7.8054,6.9526,7.1537,7.0013,7.4342,5.6893,6.8647,5.3666,7.3491,5.8762,4.2311,7.0316,6.6234,7.5192,6.2806,8.2771,6.1273,7.6702,6.5411,6.8016,5.981,5.3778,7.39,5.2707,7.7095,7.9038,6.416,6.5457,7.3091,6.4168,4.8536,5.6424,6.2077,5.3377,5.2937,7.4336,6.7933,7.6189,7.1571,5.9401,8.4478,6.3065,5.3935,8.4224,5.6199,6.4106,6.74,7.745,6.0872,6.5437,7.8637,6.3116,7.093,6.8119,5.9237,4.805,6.9524,7.0644,6.9877,8.0409,7.1197,9.0439,5.437,6.2687,7.9509,7.8722,8.3938,8.2416,6.8878,6.6661,7.3895,9.9085,7.0165,6.7601,6.8374,7.1661,6.4512,7.3,5.4574,5.6043,5.5425,6.7802,7.9465,6.3733,7.239,6.033,7.6304,7.5653,6.2698,7.3922,8.0836,7.2951,6.9039,7.0507,6.5126,6.9994,6.4055,6.766,8.6883,6.3767,7.1751,6.8706,8.5427,6.9455,6.9929,7.2257,4.9739,7.0733,6.7364,5.0935,8.5164,7.8973,5.5337,7.1782,6.4864,7.9518,6.6135,5.9597,8.5258,5.459,6.2221,9.4162,6.7409,5.528,8.6692,7.2262,5.2449,7.126,7.6077,6.9453,7.3421,7.2424,6.4325,4.7737,5.4625,6.7353,5.7767,6.5787,6.5456,6.6487,6.5933,7.2393,8.0046,8.7928,5.1637,8.0291,8.2721,5.9356,5.8874,5.4381,5.7475,8.1447,8.1896,7.8724,6.1987,4.7252,6.2269,7.3274,9.4095,6.4505,7.6844,7.0153,7.5772,5.7828,8.2638,7.701,7.4639,6.3466,7.6159,8.143,7.5426,7.2633,5.5033,6.7553,8.4105,6.3546,7.5509,5.8509,7.5645,5.1183,7.9238,8.0563,7.7341,7.9574,3.7719,8.2624,7.0009,8.0604,8.6817,6.5839,6.0921,7.4773,8.0801,4.7304,4.308,7.0115,7.3109,7.3291,6.2707,6.834,6.7115,6.7838,7.3118,6.1043,7.2927,8.0715,5.1152,7.4264,7.3141,7.545,4.9087,6.536,6.2001,7.1333,8.1162,7.2543,6.2763,7.3058,7.1207,5.3809,6.246,5.5183,6.0859,4.6776,7.7016,6.5861,7.6846,6.271,7.0072,7.1411,5.0605,6.0525,5.2158,6.0578,6.2797,6.4285,6.825,8.4793,6.3257,5.1122,8.062,6.8544,5.3245,7.5207,5.4437,7.1201,5.8609,5.2744,6.8481,6.502,7.8566,6.7406,5.2192,6.0399,5.953,7.0768,6.6917,7.8826,8.6508,6.8784,7.3744,5.5006,7.3897,8.147,7.2933,8.1828,6.499,5.7932,7.8327,5.5501,6.8353,6.3404,6.9154,5.8636,7.5319,7.0052,7.0775,5.244,7.1537,8.0583,7.1585,6.4297,6.1631,6.0529,6.3142,7.3094,5.4417,6.1774,7.7571,7.0002,7.5145,7.8694,7.42,8.3041,5.2191,5.3394,6.5682,6.2649,7.0459,7.7982,7.2773,7.2329,6.302,5.525,7.0622,6.7769,7.0928,8.6009,8.9336,6.1384,7.17,7.2089,6.4222,8.1579,7.2172,6.5341,6.4663,6.5056,7.5533,8.567,6.8683,5.6428,6.2352,6.4139,6.8236,5.9117,6.4152,4.8726,4.8956,7.012,6.9141,6.6857,6.7413,4.9519,7.3,3.9886,6.4257,8.1882,6.0914,6.296,7.8263,10.1235,7.5672,6.6793,6.1956,7.9762,7.8979,8.2517,7.9829,6.0712,8.7685,8.5949,6.9763,6.6423,6.831,5.9482,6.0182,6.8596,4.4744,7.2525,6.5133,9.6231,6.0221,6.6152,6.7433,6.9906,5.5697,4.8224,7.2689,7.3381,8.7258,3.3615,5.5896,7.4001,7.4019,4.6736,7.0853,6.0216
CASP3,9.082,9.1303,9.4906,9.1897,9.1422,9.8212,9.1111,8.9395,9.1197,9.0528,9.3685,9.6994,9.3572,10.7521,9.3363,9.0599,9.776,10.0109,9.2847,9.5288,9.2889,9.2718,9.9443,8.6421,9.4125,9.5446,9.2921,9.0511,9.3853,9.5403,9.9584,9.0232,9.4016,8.6435,10.148,8.938,9.0121,9.8615,9.3067,8.8032,10.3755,9.1486,10.0029,8.8896,9.3895,8.0573,8.8284,8.8449,9.5792,8.4087,9.7351,8.7731,9.6834,8.5223,9.1333,9.1588,8.95,9.4181,10.3102,10.1234,8.9663,8.7446,8.8496,8.7841,8.491,8.9959,9.6878,9.6894,9.0282,10.1358,8.7588,8.9347,9.239,9.0489,8.2321,8.8315,8.8241,8.4386,8.8515,9.0564,9.0937,8.7754,9.5841,9.2781,10.1463,10.363,8.9279,8.1026,9.6474,8.1545,10.4821,9.7022,9.9893,9.8537,8.3696,9.4589,9.208,10.0861,10.1067,9.1645,8.6091,10.4635,9.4339,10.0521,9.8396,8.1991,9.1705,9.3279,9.7358,9.5494,9.7527,9.1258,9.0793,8.4792,9.3087,9.3955,8.0952,8.818,9.8471,9.2882,9.649,9.7287,9.6987,9.1134,10.1998,9.7636,8.7703,9.7561,8.9242,8.7632,9.2005,9.6353,8.9024,9.244,9.5114,8.954,10.7931,9.2679,8.7563,9.4912,8.2078,9.8374,10.4401,9.3351,7.9614,9.1395,9.6316,8.5866,9.2789,10.2549,10.0024,9.3164,8.7668,8.8677,9.1713,8.7923,9.0766,8.3114,9.3572,9.6178,9.5486,9.7575,10.1578,9.0836,10.2097,7.7941,8.9838,10.6214,9.6636,9.8064,10.2565,8.7528,9.2982,10.1028,9.7905,9.4962,8.6978,9.3014,9.3094,9.6852,9.6738,10.2228,8.9662,8.8952,8.9369,9.2318,9.0544,9.3231,9.2779,8.1611,9.5878,9.6602,10.6645,8.8272,9.9925,9.1998,9.7076,9.5135,9.4964,8.9025,9.2125,10.3655,9.4216,9.9209,9.6673,8.7701,8.8091,9.2274,7.9734,10.5538,9.2564,10.6617,9.0957,9.0974,8.1986,9.647,9.431,9.9973,9.7462,9.4525,9.2353,9.2556,8.1691,9.7549,8.2625,9.5999,9.1758,9.8423,9.2642,8.0299,9.9718,9.1272,8.6447,9.6471,8.8937,9.157,9.8165,8.7578,10.1621,9.3872,8.7716,8.8878,8.5229,10.0295,9.3105,8.7812,9.9365,10.1884,9.0543,9.3981,9.1284,8.5982,8.9784,8.9999,9.1446,9.2093,9.8961,9.126,9.1197,9.9122,8.9519,9.1718,9.3834,8.5743,9.5694,10.4566,9.2702,9.9127,9.5129,9.532,8.9113,8.9828,9.1214,9.2953,9.333,8.3049,7.5086,7.6759,9.4739,9.2136,8.8815,9.1948,10.2454,8.5274,8.1234,9.5033,9.3515,9.5906,8.3222,8.9123,9.179,9.1402,9.2404,9.9075,8.8648,9.6272,9.5187,8.3137,9.5585,9.6083,9.6236,9.3478,8.3833,9.8089,8.8991,10.7747,10.3323,10.1492,9.1138,8.7109,9.6899,9.7742,9.7121,9.6911,8.3482,9.046,8.4316,8.5883,9.4378,9.0117,8.6605,9.2057,9.0023,9.9592,9.0726,9.5465,10.0726,8.1279,9.1726,9.2164,9.5344,9.4341,9.9578,9.1324,9.0622,9.1221,9.432,8.9273,9.1497,9.7167,8.8269,9.0589,9.106,9.5664,9.0545,9.9175,8.6703,8.3834,8.8,8.2578,8.7721,9.4157,10.2728,9.7187,9.0124,8.4121,9.2496,9.2892,8.6122,9.1767,9.1104,8.5497,8.8174,9.7778,9.4923,10.2005,8.8293,9.6387,8.9818,8.9089,9.3774,9.7043,5.081,9.4818,9.3674,9.2415,9.9135,9.4798,8.7822,9.0354,9.1769,9.2406,9.5732,10.246,7.9577,9.693,9.124,8.963,8.5161,8.7872,8.7738,9.4952,10.0807,9.078,9.4586,9.3722,9.1954,9.9752,9.9746,9.5933,10.0553,9.8212,8.1055,9.3566,9.5505,8.7675,9.2118,9.3913,10.5529,10.4298,8.3947,9.6255,8.4838,9.7278,10.1618,10.5115,8.8453,8.6887,8.7905,9.1527,9.0235,9.2225,8.7446
CASP9,8.4143,8.434,8.2606,8.769,8.0414,8.4862,8.3844,8.7544,7.9608,10.2351,8.7006,9.1095,8.202,8.7717,8.1684,8.1792,8.3621,8.0429,7.6395,8.6915,7.7805,7.8703,7.7249,7.7041,8.5449,8.2175,9.2067,8.2935,7.9577,8.3514,9.017,8.8376,7.8281,8.8172,7.935,7.73775,6.7685,7.061,7.0725,8.1123,8.2519,8.2935,8.684,7.9251,8.288,8.2125,8.9567,8.9606,8.0948,9.1855,9.0255,8.1191,7.1891,8.4553,10.4516,8.8287,7.4557,8.7487,8.4169,9.2895,9.1974,6.1273,9.0259,8.1272,8.1105,7.9251,9.0363,6.883,9.2769,9.2055,9.0169,8.3966,7.82,7.8964,8.4415,8.6601,8.3623,8.5529,8.6902,9.2788,8.3841,8.9153,7.4984,8.6743,8.8731,7.7654,8.4195,7.1492,8.6204,7.8421,8.1427,7.3619,8.8061,8.582,7.6143,8.3877,8.2574,8.0098,8.3212,8.6115,7.6227,7.5975,8.4053,8.1454,8.9707,8.3388,8.193,8.8721,8.5711,9.2859,7.9527,8.8947,7.4036,8.0531,9.1037,7.8425,8.3344,8.2112,7.1983,8.3024,8.4575,9.0198,7.956,8.4394,7.3629,8.4306,9.4525,8.0546,7.3055,7.9953,7.6541,8.4416,7.8776,8.6496,7.3181,9.2077,7.6129,8.9087,7.7138,9.0073,8.2631,7.6741,9.0353,7.7879,7.9231,7.9501,8.4216,7.5412,8.9627,7.8106,8.5725,7.8505,8.917,8.0688,7.43,7.546,8.2625,8.5482,9.0546,9.0703,8.3931,9.4833,8.5812,8.4931,9.3664,8.1745,7.166,7.7406,7.5491,8.7802,9.3347,7.3339,8.7753,8.4862,8.0913,8.9573,7.4068,9.1392,7.3447,7.0363,8.215,7.8381,10.3046,8.1938,9.7636,7.8026,9.0632,6.0069,8.4528,7.7203,6.9372,8.3612,7.7634,9.0227,7.6469,9.2823,8.5052,9.2009,8.0076,7.7569,9.376,8.9725,7.876,7.9014,8.9595,7.7708,7.9161,9.1896,8.9612,8.2315,8.8097,6.9939,9.629,8.7724,7.3887,7.9836,8.6372,9.2828,10.4948,7.1687,8.1909,9.2233,7.2126,8.9747,8.6926,8.6826,9.5751,8.1069,8.6723,9.4122,8.0336,7.6348,9.1208,8.8237,7.9546,8.2947,8.3944,8.5124,8.8875,7.4893,8.596,8.2323,9.4251,8.1497,7.8098,8.7767,7.6354,9.8286,8.6296,11.8091,8.5327,7.4668,9.0402,8.4423,7.4206,8.4801,8.6109,8.0192,8.01,8.4777,7.1912,7.76,7.8479,8.8283,8.0713,7.9205,7.5862,8.5363,6.9537,7.6453,7.8783,8.3435,8.0092,7.0555,8.6683,9.4951,7.6923,9.45,9.5348,8.4885,8.7907,8.1111,7.5034,7.5943,7.9868,7.7706,8.1183,7.5419,7.6519,8.284,7.5349,8.6046,8.6136,7.8213,8.4366,8.6267,7.9109,8.5237,8.2864,7.8904,8.4239,7.6847,8.5831,9.196,7.9677,7.5703,8.5318,8.7655,7.7553,8.1764,8.4165,9.4709,8.5346,8.1691,8.726,8.537,9.3264,9.014,7.9219,9.0458,9.4189,8.8161,8.2778,8.1175,8.0075,7.6717,8.4524,7.1263,7.9374,8.5249,7.9909,8.7335,8.6288,8.2125,8.663,9.1912,7.6474,7.8077,7.3017,9.2632,8.4932,8.2601,8.4731,7.5693,7.7768,8.6545,7.8041,8.0369,8.3674,8.4925,8.3088,8.3136,7.0274,8.2861,8.0408,10.595,11.9236,8.6535,8.3678,9.4148,8.3094,8.0552,9.1214,8.8721,7.2946,7.7259,8.9514,8.131,8.3482,7.9272,9.2009,9.0314,7.6789,8.1434,9.1334,7.0167,6.945,6.8572,8.1783,8.413,9.7639,9.3274,8.5796,9.1769,8.9486,8.3627,7.2766,8.46,8.4151,9.1303,8.0591,8.3408,9.1992,9.3783,9.3281,8.6518,8.6353,7.9903,7.8097,8.8957,8.8663,9.0297,8.1125,8.5412,7.9418,9.5477,8.5194,9.031,7.1738,8.3742,8.5324,8.4765,9.839,7.9921,7.5108,8.0125,9.3992,8.8508,8.4887,8.4773,9.1272,8.7419,8.8941
FAS,8.5926,9.2016,5.7272,7.7103,8.9652,8.1759,6.9915,8.2854,6.1462,8.9358,7.1646,8.5438,9.1064,8.1427,7.2144,6.6942,8.5709,9.3621,9.1071,5.8778,8.9602,8.3614,7.7416,6.9088,6.9677,7.1871,7.7626,9.4185,8.8883,8.5572,8.3169,8.0434,8.7885,7.3242,9.8155,6.1243,8.8404,5.8871,7.713,8.004,7.118,9.2721,9.6521,9.9251,8.0729,7.5841,9.6412,9.2889,7.7783,8.3845,9.0089,7.8917,5.3092,8.1467,7.458,6.9207,8.345,8.5938,8.8749,7.8216,8.9313,6.1084,7.3343,8.2379,8.9439,9.1449,7.2287,9.5947,7.7644,8.2495,7.9804,8.7429,8.0751,8.4017,6.5509,6.836,10.7546,10.1056,8.4851,7.3006,7.412,9.0808,5.4624,6.8949,5.5933,8.1674,10.198,7.0262,8.9972,4.5624,8.8636,9.0175,8.0656,8.7457,7.3558,9.085,8.9465,5.4277,9.6595,7.1758,8.7762,7.5786,9.6837,6.8214,8.5502,9.4308,9.3288,9.6916,8.4849,7.7142,7.8289,8.7674,9.6359,8.9016,6.5518,8.4675,6.5987,9.1794,6.8828,8.3165,10.0579,9.2487,7.1304,9.4538,6.3155,8.6787,9.301,8.7145,8.9168,6.9848,8.6114,9.5398,8.6736,7.1239,8.6842,7.551,7.8732,9.31,6.6422,7.1218,7.2387,6.1394,8.2022,9.1596,7.5344,8.6771,9.1779,8.2643,8.3901,7.6953,8.1342,7.7574,9.3569,8.0993,4.1865,8.8986,8.8903,7.7845,8.4021,8.1422,8.6266,7.0748,7.5188,8.9901,7.5955,9.6056,7.7117,8.9467,6.2958,6.2573,8.2803,5.3971,9.9496,5.955,9.3113,9.8548,9.1663,6.4325,7.6863,7.1551,7.6593,6.6996,9.1281,8.9723,9.4103,8.5388,7.9527,7.794,9.3321,8.345,9.3224,8.7793,4.9178,5.9123,7.4619,10.2647,9.0743,9.9451,6.7358,7.7364,7.9476,7.9465,8.7431,7.8498,7.2751,9.6294,8.2368,9.3294,5.2842,9.5488,9.6288,7.1874,9.6714,8.4946,8.2875,9.1342,8.3581,8.3653,8.5023,8.5443,8.9764,8.8744,10.435,9.597,8.0276,8.1206,7.7147,7.4456,9.5533,4.5921,7.4721,7.3392,7.9963,9.4652,5.7974,6.7326,7.1687,9.0072,6.6126,6.8369,10.2379,9.1815,9.4868,8.0993,9.1458,9.0777,5.2179,8.6748,8.9483,8.0681,8.8361,4.6989,9.0515,9.6599,8.2179,8.4019,7.9145,8.7414,9.3592,9.2088,8.5525,4.4897,9.9248,9.354,10.2367,6.3709,4.5494,5.8087,9.4966,8.474,9.184,9.2786,9.1642,8.5542,6.3899,8.4619,7.6485,5.8226,7.3036,8.3668,11.6423,7.8511,8.5425,6.0839,8.0169,7.8042,7.6424,4.5772,6.3802,7.7481,7.5638,9.8668,4.4797,8.2569,11.0134,8.5658,7.5143,9.1014,7.7535,8.7352,7.3424,8.3482,8.7234,8.5707,7.5749,7.9548,7.0274,8.245,9.3794,8.6763,9.9805,6.3554,7.7585,8.4526,6.1348,8.7432,6.6802,8.24,8.5107,8.8491,4.4753,10.2521,5.4764,9.3101,7.8615,8.7565,6.2242,7.6712,6.7313,9.8055,8.098,6.9282,10.2239,9.092,9.4787,8.2025,8.3642,8.1999,8.083,6.4477,7.9701,8.8026,7.8892,8.3693,9.259,7.2716,8.5364,7.8927,6.4429,8.651,9.4808,6.856,7.2194,8.603,5.8983,7.8731,8.7051,8.6162,9.103,6.9109,8.6243,6.2242,7.6319,6.8796,8.248,6.9743,6.8643,8.365,8.6291,8.1444,8.0525,9.1069,8.8184,4.3865,7.6522,8.9512,8.0983,6.5846,7.0939,9.1224,5.8053,7.3713,9.1221,7.0664,8.4841,9.3703,8.4265,9.968,8.1951,6.3021,8.1004,9.0862,7.0688,7.5411,8.3231,10.6978,9.9682,8.218,7.6956,8.6369,9.5683,7.8409,6.2973,9.6482,9.6793,7.2666,9.9737,7.3896,10.03,10.2115,9.2296,9.3316,9.3013,7.5369,9.076,8.0754,5.9596,9.499,8.3765,9.5233,5.4962,9.0305,9.0346
GBA,11.4937,10.3072,11.487,11.5145,11.5276,11.661,10.9016,10.4847,11.2306,12.0578,11.6267,12.0512,11.5466,11.5186,11.7523,11.5698,10.5736,10.8018,10.7405,11.5819,11.0687,11.8984,11.9151,12.4752,12.1225,10.4557,12.7361,11.8131,10.4233,10.762,10.6254,12.0859,10.1363,11.0547,11.5893,11.16035,10.7773,11.3097,11.2823,10.3231,11.0187,10.4293,10.9146,10.608,10.6871,10.7434,11.5626,9.9605,11.3896,11.4551,11.6344,11.359,10.698,11.5816,12.4793,12.1686,10.3359,12.2863,11.7825,11.4051,11.3373,11.7201,12.2483,10.4496,11.7051,12.1757,12.4988,11.6852,12.5648,10.651,11.8735,10.8285,11.7897,10.9031,12.2479,11.7641,11.9685,12.8061,12.458,11.8754,12.2598,10.5171,12.0083,11.9699,10.6442,11.3628,11.9357,9.4391,10.0784,12.2366,11.7641,11.8317,12.0859,12.6363,10.7692,10.5031,9.8715,11.1221,11.3656,12.7991,10.8204,10.9383,12.2161,11.4444,10.8844,11.4135,10.1786,11.6538,12.8057,11.2272,10.2179,10.523,10.8536,12.4934,12.4037,11.973,10.5816,10.3343,11.5141,12.4652,10.9499,11.1643,12.2399,10.8516,10.7958,11.9603,11.6243,11.4516,11.5311,10.2495,10.9846,12.6295,10.4519,11.0388,11.0988,11.7313,10.9817,12.1618,10.5073,11.582,11.8221,11.8541,12.1183,11.4737,11.4772,10.2521,11.5991,10.4618,11.9391,10.0161,10.4544,10.7702,12.0719,11.4978,11.0435,11.7969,9.833,10.8011,10.7075,12.5898,11.3693,10.0838,11.9382,11.0584,10.9097,11.3182,12.0604,9.9922,10.2652,11.2895,13.2337,13.0471,9.8879,11.7011,10.7452,10.0564,13.1545,12.2371,10.0218,12.3447,11.9135,10.7575,11.6305,12.8236,11.8814,12.1073,12.7093,11.4176,10.3064,11.6781,11.7914,10.273,10.733,10.8236,10.7146,10.7979,12.5775,10.3895,10.9621,10.5478,11.5916,11.8557,11.2392,10.6435,11.9751,12.0561,11.7983,10.3974,11.8727,9.8103,10.1707,10.2226,9.9892,10.9507,10.2147,11.9548,12.3528,12.0258,11.2312,11.617,12.0242,11.7951,11.1507,11.467,13.1719,11.1472,10.8864,11.0941,10.5987,12.6361,12.1821,12.818,11.7515,10.7978,11.3561,11.2491,11.4582,10.2604,11.8808,12.7489,12.6906,10.246,10.2199,10.9133,11.29,12.0817,10.6147,10.5751,11.5947,11.1877,10.4509,12.0044,10.0771,10.1813,10.8132,12.1499,13.0535,10.1624,9.9938,9.6737,11.5502,12.5141,11.9418,11.8357,11.3896,11.3198,12.5085,11.5122,10.3894,10.7447,10.1313,10.2404,11.0122,11.6911,11.8849,11.7304,11.4382,9.8081,10.6162,10.2942,12.1316,10.6554,10.5519,12.3184,12.662,11.4444,10.6832,11.4218,12.1761,10.7207,12.0811,12.5398,11.5583,12.1093,11.2347,12.4072,11.5501,12.9947,11.0522,10.949,10.7847,10.6285,10.8054,11.7693,12.1088,11.4183,11.3457,11.5303,10.0356,9.9955,10.4114,11.2333,11.0775,10.9979,10.4919,10.07,10.8557,11.6337,12.1356,12.1643,12.1316,11.7249,10.052,11.1346,12.024,12.1097,11.2712,10.0915,11.8207,10.526,12.286,10.1878,12.3978,11.0876,11.4615,11.2585,10.864,10.0665,10.7419,11.0764,10.1387,10.1186,11.5861,11.0723,10.5639,11.9657,10.2422,11.0897,12.6079,11.4771,10.5422,12.6372,10.7555,11.1715,10.9743,10.6347,11.8556,11.8666,9.9415,12.8665,9.9366,11.1849,11.5803,12.9262,11.673,10.7636,12.1297,11.4462,10.1626,12.5568,10.8294,11.9762,11.226,11.3239,12.621,12.3574,12.7283,12.0281,10.4089,10.5071,10.3666,11.6748,10.9232,12.6512,10.9908,10.4766,10.8255,9.9058,10.6146,11.9107,11.9318,10.93,11.9336,12.1542,11.3136,10.0119,10.2186,12.5856,11.1153,11.7581,11.2538,10.3125,11.8964,12.1303,12.4238,12.6441,11.5478,11.595,11.2526,10.6635,12.8949,10.8032,12.4521,12.2898,11.7191,10.897,11.4616,12.4387,10.0508,11.0071,12.3513,12.3878,9.7505
MGEA5,10.9086,11.3,10.4896,10.8674,11.5958,10.9052,11.2168,11.3714,10.7154,10.6641,11.3752,10.8199,11.7692,11.3267,10.4808,10.914,10.409,12.1665,11.4112,11.9231,11.4954,11.5213,11.1592,11.3304,11.3904,11.0675,11.4296,11.0345,11.7247,10.5204,10.9517,11.7569,11.2922,10.8605,11.6816,11.99515,11.7414,11.44,11.4582,10.8418,11.3182,11.4985,11.0004,11.757,11.7883,11.7351,12.1511,11.3697,11.0396,10.72,11.0089,11.3964,10.9584,11.1429,10.1575,11.2957,11.7808,10.6136,11.2394,11.7968,10.7609,10.9139,10.4534,11.2395,11.7783,11.2534,11.4511,11.3698,10.5813,10.6723,11.7642,10.771,11.1416,11.2491,11.0536,10.838,11.4941,10.7507,10.9484,11.2423,11.2891,11.3435,11.2223,11.3883,11.0362,11.0986,11.4544,10.9876,11.1378,10.6856,11.2956,11.2897,10.6741,11.1922,11.4723,11.4681,11.5291,10.6317,11.495,11.0082,12.1971,10.5084,11.2849,10.5887,11.5267,11.1591,11.142,11.283,10.8337,11.1015,10.6635,11.2653,11.7268,11.4635,10.9625,10.6113,11.4591,11.4207,11.1346,11.3451,11.0025,10.4518,10.5217,11.3422,10.8097,10.4538,10.9411,11.4466,10.8953,11.6669,11.9611,11.215,11.807,10.8722,11.5771,10.6328,11.6326,11.2206,10.9579,11.8718,10.6388,11.1033,11.4207,11.3569,10.649,12.0375,11.4627,11.1262,11.7441,11.2558,10.3905,10.9415,11.2218,11.7178,11.8146,11.2009,11.1824,11.7712,11.0094,11.0139,11.7663,11.1175,11.2943,11.2768,10.2067,11.5791,11.6117,11.3463,11.0029,11.4949,10.1759,10.7792,11.9985,11.341,11.0354,11.5863,11.0238,10.6988,11.9875,11.1118,10.6486,11.0105,11.1518,11.4362,10.2937,10.3814,11.8972,12.0221,11.4955,11.8915,11.0706,11.4575,11.1363,10.4736,11.493,10.6123,10.9086,11.2731,11.4177,11.2947,10.5324,11.2852,10.5525,11.4103,11.0865,11.2549,11.8243,11.1689,10.1009,11.1946,10.9943,11.5758,10.9985,10.866,11.1874,11.1968,11.0659,10.6325,10.1608,11.6672,11.4919,11.3544,11.2071,10.8938,10.761,11.1696,11.8529,10.5788,11.2683,11.2666,11.3755,10.6821,10.9955,10.8498,10.786,10.4692,10.4659,11.4109,10.2308,10.5164,11.994,11.33,10.6413,11.3334,11.8444,11.016,11.5208,11.3061,11.3279,10.8222,10.4794,10.6343,11.0343,11.2294,11.2956,10.9285,10.0928,11.2498,11.3916,11.9347,11.2488,10.685,11.5196,10.6231,11.2942,11.298,11.5708,10.5768,12.0018,11.2219,11.3511,10.6732,11.4104,11.1285,10.9477,11.5467,11.1364,10.6673,11.3914,11.3499,11.4257,11.7573,11.2459,11.4684,11.0468,10.7589,11.9116,11.4311,10.1124,11.7871,10.1036,11.7693,11.079,11.3441,11.3188,10.2612,10.9992,11.1855,9.7313,11.3152,11.5778,11.2106,11.6383,10.3176,11.0735,11.2052,11.652,10.4002,11.3358,11.2836,11.1346,11.0509,11.1491,11.4487,10.7392,11.3658,11.0598,11.0097,11.0294,10.9329,10.4217,11.5173,12.6509,11.3271,11.3107,11.0736,12.0595,11.2112,11.3452,11.5325,11.1414,10.9985,10.8278,10.7289,11.553,11.6651,10.9335,10.9456,11.0819,10.6298,11.0814,11.0741,11.3947,10.7897,11.0079,10.8422,11.6603,11.2194,10.1716,11.6859,11.528,10.9845,10.4965,11.2813,11.0571,10.5812,11.2074,10.378,11.0822,10.8423,10.4395,10.8118,10.6849,10.8184,11.3587,11.2667,11.0453,9.5599,10.7292,11.0791,11.9074,10.9194,11.293,10.8677,10.9687,10.6878,11.0148,10.8937,11.4004,11.564,11.1411,10.7354,11.5498,11.1121,11.117,11.4528,10.9577,11.5838,10.9054,10.8915,10.1306,11.0465,10.4362,10.9486,11.8221,10.8242,11.7054,11.42,11.1798,11.406,11.0377,11.5465,10.6116,11.3264,11.2034,10.4399,11.5172,12.2088,11.8211,11.4289,11.3401,10.6705,10.4741,11.6063,11.3532,10.4547,10.4353,10.4808,11.4332,11.3044,10.5812,10.0968,11.2652
MMP9,8.7748,6.398,4.5909,4.9977,6.6589,10.5635,9.9275,7.3628,14.7023,6.8847,5.8321,8.1744,9.865,8.3744,9.2172,7.3917,11.7217,12.436,5.8664,2.782,8.4955,10.8184,10.8565,8.386,10.3818,8.5489,6.7883,6.4036,3.2907,11.1287,5.8209,8.3567,7.3566,6.8564,4.8206,5.48925,5.8595,6.5221,9.2978,3.0255,10.9478,7.6918,10.4238,4.9832,10.3389,1.3516,6.3425,7.6671,8.9496,7.9406,5.7897,7.7174,9.0388,10.8249,9.7263,6.2561,4.6482,7.5788,11.8139,5.83,5.5029,11.2938,8.6999,2.9423,1.5898,7.315,6.5947,7.3281,4.3353,7.1312,3.8571,9.1305,4.2948,10.3579,5.654,2.3183,2.1688,6.0609,8.7934,9.4797,8.9393,5.919,7.3814,6.5833,10.5724,8.9617,5.9703,8.2323,7.8088,11.9847,6.0872,8.1574,10.2616,8.3769,8.018,6.585,4.7626,8.6438,7.6658,6.8227,4.5384,10.2989,5.5729,9.1853,10.411,3.1327,6.3823,5.1346,6.0458,9.617,10.7827,9.5965,10.5344,6.6803,12.2489,8.3598,10.1859,7.8873,6.6377,9.3329,5.7273,7.7509,10.1464,4.1669,8.2754,4.3721,9.7349,10.018,3.3363,8.8058,7.2376,8.7371,7.1739,9.7274,6.1478,5.4357,8.11,9.6174,11.0936,7.1508,7.2963,11.5526,9.3697,10.208,6.1035,7.2206,6.853,8.4023,5.5123,9.0196,11.3302,6.0057,7.6929,7.8918,5.2467,6.4213,5.8225,5.7728,6.09,9.0039,9.2959,6.7961,7.4872,6.8402,6.0649,7.6086,8.2923,8.7436,6.4818,7.3845,12.1267,7.5196,6.1446,6.8776,4.1973,6.7911,8.5879,3.2536,6.0845,7.8125,8.5061,9.4034,2.2207,3.0057,5.716,8.8774,5.4358,8.9443,10.8987,3.9993,7.1874,5.8466,8.0731,3.3604,10.3973,2.7023,9.0172,6.3976,8.4633,2.0219,2.007,7.625,7.2985,7.6857,7.9011,9.1403,9.9809,6.1356,4.6328,8.5519,8.6065,9.9696,6.4477,5.8842,10.1831,12.5367,2.2718,9.0182,11.267,8.9372,8.578,8.3902,6.3774,9.0798,6.0974,10.3368,7.3994,5.2336,9.4225,8.5956,8.4431,10.1615,7.2752,11.2002,10.4447,3.9113,11.7238,8.3567,9.5717,6.9233,5.8503,5.5611,7.382,7.6228,2.2926,8.9842,7.0423,9.3082,3.9287,3.3887,7.6318,7.1065,4.8019,3.7681,7.1033,4.8073,6.8296,6.334,4.209,7.0296,10.1284,9.5699,10.9072,6.6902,4.6413,5.6651,6.6794,5.4653,7.686,6.9267,2.9618,6.3868,4.6309,8.6438,11.2827,3.9488,12.0415,9.2675,7.5167,4.3995,5.1847,4.6669,8.144,7.6126,6.9619,7.2121,4.6795,9.6913,9.3186,8.8013,4.4941,2.823,9.5437,10.0797,5.2646,8.0708,8.6705,6.2649,5.701,5.0269,9.4192,6.4478,9.0131,10.9573,4.6967,6.8994,7.6764,9.2178,3.5731,8.0048,7.889,11.5505,5.5176,6.4783,10.4228,6.6326,9.4685,10.1939,6.4159,7.0106,4.6447,4.1676,12.4301,5.4739,11.8083,7.0864,7.5112,6.3599,5.6496,4.1975,10.069,6.8239,3.6452,7.126,7.6572,6.1997,10.7988,3.6853,9.1005,5.8013,2.307,4.738,8.0346,9.6094,6.1615,8.0525,3.735,5.2934,6.6917,2.8323,8.1129,11.5322,8.8432,9.0623,11.0529,6.2613,7.2034,8.0557,5.9156,9.7412,6.9019,5.1466,5.7298,11.3815,13.6297,10.6877,3.8261,1.7324,6.9758,6.6328,4.3888,7.0185,7.735,11.6318,6.9507,8.9316,10.088,8.2666,8.1907,7.0388,6.8218,6.5605,7.031,9.9454,7.277,7.9201,6.7262,3.4616,6.8281,10.1035,5.9488,9.3401,8.2775,3.6629,6.2152,7.6938,8.6882,6.1008,6.5794,8.2941,6.3374,10.3428,10.0147,7.2588,10.6674,6.9861,5.3855,7.0814,7.0912,8.144,3.5025,2.8273,5.0769,10.974,11.0995,2.6274,2.2361,4.2839,5.8877,8.2202,8.2925,8.9367,6.1912
PARP1,11.7592,10.8755,11.9027,11.9733,11.0057,12.5199,11.6902,10.8727,12.1822,12.3081,13.0379,11.5155,11.848,11.829,12.0489,12.4084,12.3264,12.3228,11.6117,11.8465,11.3227,12.0887,12.3287,12.2745,12.851,12.9332,12.4538,11.8586,10.6745,12.5628,12.1628,12.9593,11.5071,12.2582,12.7011,11.2932,10.5673,12.3479,12.8895,10.3937,12.6526,11.0937,12.1312,10.9665,11.3387,10.3005,11.7043,10.9886,12.315,11.7356,11.2545,11.7899,11.029,12.0592,11.7092,12.4641,10.5068,12.713,11.6916,12.3632,11.2345,10.776,11.9643,10.9108,11.603,11.8937,12.8175,12.0495,12.7713,11.4966,11.9921,11.3294,11.1558,11.2174,11.7525,11.5521,12.602,12.1541,12.1446,12.4184,11.5578,11.4146,10.8679,12.165,12.6674,12.466,11.593,11.8465,11.1558,11.6486,12.7062,12.0087,11.9629,11.5322,11.6448,11.413,10.9047,12.2112,11.4831,12.9999,11.8686,12.5665,11.9174,11.8353,11.9269,11.4739,11.3905,10.6949,12.1053,12.1838,11.0586,11.377,11.8714,12.6181,12.6001,10.9676,11.2367,11.0264,12.2004,12.0833,11.3262,10.7642,12.3059,11.4216,11.8594,12.0231,10.246,11.8186,12.2284,11.5092,11.9287,13.536,11.2315,12.0799,10.7564,11.8433,11.719,11.3468,12.1462,11.7775,12.2335,12.4418,12.4547,12.0378,11.1458,11.1009,12.0899,10.9762,11.817,11.7678,12.0272,11.6737,12.4273,11.307,10.9527,11.7405,12.233,12.573,11.6568,11.9866,12.1066,13.4081,12.5203,11.3565,13.0162,10.6654,9.5288,12.8907,12.4533,11.5205,11.6297,12.251,11.1026,12.5465,11.8538,11.4387,12.3519,11.6551,12.3034,12.76,12.6919,12.2514,11.5435,11.7046,11.4547,11.6982,11.6611,11.4913,11.1999,12.4255,12.2043,11.3101,12.2072,11.4652,12.0548,11.0922,11.9695,11.4696,11.3993,10.682,10.8315,10.9564,11.7091,11.5358,11.9765,12.7177,11.4857,11.0022,11.7051,11.4703,11.1437,12.2655,10.6161,11.2757,11.8801,11.8083,11.3776,12.5389,12.3967,12.0875,11.8714,11.9507,11.2792,11.4713,11.6883,11.9819,12.1856,11.0689,10.969,12.5856,11.8352,11.095,12.406,11.826,11.61,10.5477,11.455,11.5364,11.5471,12.3192,12.6531,11.1261,11.1598,12.1018,12.1052,12.4032,12.4065,11.4402,11.5305,11.0282,11.8359,12.3266,11.5524,11.3852,11.8692,12.7616,12.309,11.0845,11.4533,11.0662,12.1993,12.3109,12.4076,11.3927,11.8784,12.4303,11.6188,12.2679,11.8815,10.9616,11.1108,11.3865,11.0175,11.3683,12.576,12.5834,12.3155,12.5844,12.0354,11.1554,11.4966,11.1565,11.9906,11.2526,11.7688,11.9631,10.9451,12.3434,12.3093,12.4421,11.1934,11.8922,11.9027,12.3234,11.4392,12.0624,11.5057,11.4733,10.6914,11.4361,11.8385,11.2985,10.6215,13.2467,11.3175,12.5893,12.3715,11.2668,11.1125,11.3558,11.1086,11.9312,10.9064,11.6482,11.9445,11.1434,10.327,12.2811,12.3033,10.9453,12.3962,11.7698,10.7185,11.5738,12.0717,12.7267,12.1172,12.1523,10.5979,11.39,12.5094,10.9014,12.1058,11.6655,12.2554,11.231,11.4783,11.1828,11.3619,13.402,10.8648,10.7536,12.4351,12.4304,11.5512,11.6159,11.4268,11.9188,12.0596,12.0152,11.1805,12.3639,11.564,12.0676,11.9783,11.1959,11.0357,11.5515,11.9087,11.4798,11.6785,12.2839,11.598,13.1029,11.6496,12.1627,11.553,11.5947,11.5551,12.3396,13.174,10.8782,12.1643,11.1409,12.1556,11.2956,12.0741,11.7574,12.1113,11.8659,11.1018,10.8434,11.2993,11.6943,11.2688,11.043,11.6079,11.306,10.934,12.5057,11.8571,11.6295,12.4652,11.5066,12.3475,12.7118,11.0759,12.0542,11.6028,12.7031,10.0291,12.2823,12.5029,11.3589,12.7322,11.2841,11.1384,11.9909,11.7577,11.024,12.2416,11.8903,11.8885,11.9526,12.1913,10.8026,12.8581,12.0325,10.9847,11.4439,11.9878,11.2604,11.4298
