swiss_p,gc_score,string_score,n_compound,n_disease,n_intersection,degree_top5,jaccard_intersection_vs_network6,jaccard_degree_top5_vs_network6,jaccard_intersection_vs_experimental3,network6_recovered,experimental3_in_set,GBA_in_set,MMP9_in_set,MGEA5_in_set,gprofiler_first_kegg,gprofiler_first_kegg_id,gprofiler_first_kegg_p
0.05,2.0,0.4,15,3755,14,"BCL2,PARP1,BAX,CASP3,FAS",0.42857142857142855,0.8333333333333334,0.0,"PARP1,BCL2,CASP3,BAX,FAS,CASP9",,False,False,False,Apoptosis,KEGG:04210,1.7536082853172724e-08
0.05,2.0,0.7,15,3755,14,"BAX,BCL2,CASP3,CASP9,PARP1",0.42857142857142855,0.8333333333333334,0.0,"PARP1,BCL2,CASP3,BAX,FAS,CASP9",,False,False,False,Apoptosis,KEGG:04210,1.7536082853172724e-08
0.05,5.0,0.4,15,1424,12,"BCL2,FAS,PARP1,BAX,CASP3",0.5,0.8333333333333334,0.0,"PARP1,BCL2,CASP3,BAX,FAS,CASP9",,False,False,False,Platinum drug resistance,KEGG:01524,1.6491902841413855e-08
0.05,5.0,0.7,15,1424,12,"BCL2,CASP3,CASP9,BAX,PARP1",0.5,0.8333333333333334,0.0,"PARP1,BCL2,CASP3,BAX,FAS,CASP9",,False,False,False,Platinum drug resistance,KEGG:01524,1.6491902841413855e-08
0.05,10.0,0.4,15,833,8,"BCL2,BAX,CASP3,CASP9,FAS",0.75,0.8333333333333334,0.0,"PARP1,BCL2,CASP3,BAX,FAS,CASP9",,False,False,False,Platinum drug resistance,KEGG:01524,4.958214176648534e-10
0.05,10.0,0.7,15,833,8,"BCL2,CASP3,CASP9,BAX,PARP1",0.75,0.8333333333333334,0.0,"PARP1,BCL2,CASP3,BAX,FAS,CASP9",,False,False,False,Platinum drug resistance,KEGG:01524,4.958214176648534e-10
0.1,2.0,0.4,15,3755,14,"BCL2,PARP1,BAX,CASP3,FAS",0.42857142857142855,0.8333333333333334,0.0,"PARP1,BCL2,CASP3,BAX,FAS,CASP9",,False,False,False,Apoptosis,KEGG:04210,1.7536082853172724e-08
0.1,2.0,0.7,15,3755,14,"BAX,BCL2,CASP3,CASP9,PARP1",0.42857142857142855,0.8333333333333334,0.0,"PARP1,BCL2,CASP3,BAX,FAS,CASP9",,False,False,False,Apoptosis,KEGG:04210,1.7536082853172724e-08
0.1,5.0,0.4,15,1424,12,"BCL2,FAS,PARP1,BAX,CASP3",0.5,0.8333333333333334,0.0,"PARP1,BCL2,CASP3,BAX,FAS,CASP9",,False,False,False,Platinum drug resistance,KEGG:01524,1.6491902841413855e-08
0.1,5.0,0.7,15,1424,12,"BCL2,CASP3,CASP9,BAX,PARP1",0.5,0.8333333333333334,0.0,"PARP1,BCL2,CASP3,BAX,FAS,CASP9",,False,False,False,Platinum drug resistance,KEGG:01524,1.6491902841413855e-08
0.1,10.0,0.4,15,833,8,"BCL2,BAX,CASP3,CASP9,FAS",0.75,0.8333333333333334,0.0,"PARP1,BCL2,CASP3,BAX,FAS,CASP9",,False,False,False,Platinum drug resistance,KEGG:01524,4.958214176648534e-10
0.1,10.0,0.7,15,833,8,"BCL2,CASP3,CASP9,BAX,PARP1",0.75,0.8333333333333334,0.0,"PARP1,BCL2,CASP3,BAX,FAS,CASP9",,False,False,False,Platinum drug resistance,KEGG:01524,4.958214176648534e-10
0.2,2.0,0.4,15,3755,14,"BCL2,PARP1,BAX,CASP3,FAS",0.42857142857142855,0.8333333333333334,0.0,"PARP1,BCL2,CASP3,BAX,FAS,CASP9",,False,False,False,Apoptosis,KEGG:04210,1.7536082853172724e-08
0.2,2.0,0.7,15,3755,14,"BAX,BCL2,CASP3,CASP9,PARP1",0.42857142857142855,0.8333333333333334,0.0,"PARP1,BCL2,CASP3,BAX,FAS,CASP9",,False,False,False,Apoptosis,KEGG:04210,1.7536082853172724e-08
0.2,5.0,0.4,15,1424,12,"BCL2,FAS,PARP1,BAX,CASP3",0.5,0.8333333333333334,0.0,"PARP1,BCL2,CASP3,BAX,FAS,CASP9",,False,False,False,Platinum drug resistance,KEGG:01524,1.6491902841413855e-08
0.2,5.0,0.7,15,1424,12,"BCL2,CASP3,CASP9,BAX,PARP1",0.5,0.8333333333333334,0.0,"PARP1,BCL2,CASP3,BAX,FAS,CASP9",,False,False,False,Platinum drug resistance,KEGG:01524,1.6491902841413855e-08
0.2,10.0,0.4,15,833,8,"BCL2,BAX,CASP3,CASP9,FAS",0.75,0.8333333333333334,0.0,"PARP1,BCL2,CASP3,BAX,FAS,CASP9",,False,False,False,Platinum drug resistance,KEGG:01524,4.958214176648534e-10
0.2,10.0,0.7,15,833,8,"BCL2,CASP3,CASP9,BAX,PARP1",0.75,0.8333333333333334,0.0,"PARP1,BCL2,CASP3,BAX,FAS,CASP9",,False,False,False,Platinum drug resistance,KEGG:01524,4.958214176648534e-10
