Chemical Name,Gene Symbol,Gene ID,Interaction,Organisms,Status
Artesunate,AIFM1,,CTD gene-chemical association (Harmonizome export),Homo sapiens,KEEP
Artesunate,BAX,,CTD gene-chemical association (Harmonizome export),Homo sapiens,KEEP
Artesunate,BCL2,,CTD gene-chemical association (Harmonizome export),Homo sapiens,KEEP
Artesunate,CASP3,,CTD gene-chemical association (Harmonizome export),Homo sapiens,KEEP
Artesunate,CASP9,,CTD gene-chemical association (Harmonizome export),Homo sapiens,KEEP
Artesunate,CAT,,CTD gene-chemical association (Harmonizome export),Homo sapiens,KEEP
Artesunate,CYP2A6,,CTD gene-chemical association (Harmonizome export),Homo sapiens,KEEP
Artesunate,FAS,,CTD gene-chemical association (Harmonizome export),Homo sapiens,KEEP
Artesunate,GSTP1,,CTD gene-chemical association (Harmonizome export),Homo sapiens,KEEP
Artesunate,PARP1,,CTD gene-chemical association (Harmonizome export),Homo sapiens,KEEP
Artesunate,SP1,,CTD gene-chemical association (Harmonizome export),Homo sapiens,KEEP
Artesunate,TPT1,,CTD gene-chemical association (Harmonizome export),Homo sapiens,KEEP
Artesunate,YY1,,CTD gene-chemical association (Harmonizome export),Homo sapiens,KEEP
,PTGES2,,,,
,CYP1A2,,,,
