stringId_A	stringId_B	preferredName_A	preferredName_B	ncbiTaxonId	score	nscore	fscore	pscore	ascore	escore	dscore	tscore
9606.ENSP00000216336	9606.ENSP00000260010	CTSG	TLR2	9606	0.424	0	0	0	0.078	0.044	0	0.4
9606.ENSP00000216336	9606.ENSP00000355759	CTSG	PARP1	9606	0.482	0	0	0	0.048	0.457	0	0.08
9606.ENSP00000216336	9606.ENSP00000363089	CTSG	TLR4	9606	0.486	0	0	0	0.075	0.044	0	0.466
9606.ENSP00000216336	9606.ENSP00000361405	CTSG	MMP9	9606	0.79	0	0	0	0.193	0	0.4	0.603
9606.ENSP00000216336	9606.ENSP00000433138	CTSG	CASP1	9606	0.876	0	0	0	0.095	0	0.75	0.496
9606.ENSP00000216336	9606.ENSP00000466090	CTSG	ELANE	9606	0.998	0	0	0.132	0.966	0.8	0.4	0.721
9606.ENSP00000219070	9606.ENSP00000367608	MMP2	CA9	9606	0.405	0	0	0	0.075	0	0	0.384
9606.ENSP00000219070	9606.ENSP00000260010	MMP2	TLR2	9606	0.441	0	0	0	0	0	0	0.441
9606.ENSP00000219070	9606.ENSP00000393312	MMP2	FGFR1	9606	0.447	0	0	0	0.154	0	0	0.374
9606.ENSP00000219070	9606.ENSP00000466090	MMP2	ELANE	9606	0.483	0	0	0	0	0	0	0.483
9606.ENSP00000219070	9606.ENSP00000355759	MMP2	PARP1	9606	0.498	0	0	0	0	0	0	0.498
9606.ENSP00000219070	9606.ENSP00000371067	MMP2	JAK2	9606	0.538	0	0	0	0	0	0	0.538
9606.ENSP00000219070	9606.ENSP00000287820	MMP2	PPARG	9606	0.539	0	0	0	0	0	0	0.539
9606.ENSP00000219070	9606.ENSP00000363089	MMP2	TLR4	9606	0.558	0	0	0	0.061	0	0	0.549
9606.ENSP00000219070	9606.ENSP00000330237	MMP2	CASP9	9606	0.579	0	0	0	0.063	0	0	0.57
9606.ENSP00000219070	9606.ENSP00000263923	MMP2	KDR	9606	0.635	0	0	0	0.08	0	0	0.62
9606.ENSP00000219070	9606.ENSP00000223095	MMP2	SERPINE1	9606	0.694	0	0	0	0.169	0	0	0.648
9606.ENSP00000219070	9606.ENSP00000293288	MMP2	BAX	9606	0.702	0	0	0	0	0	0	0.702
9606.ENSP00000219070	9606.ENSP00000275493	MMP2	EGFR	9606	0.717	0	0	0	0.094	0	0	0.701
9606.ENSP00000219070	9606.ENSP00000381185	MMP2	BCL2	9606	0.718	0	0	0	0	0	0	0.718
9606.ENSP00000219070	9606.ENSP00000311032	MMP2	CASP3	9606	0.724	0	0	0	0.072	0	0	0.715
9606.ENSP00000219070	9606.ENSP00000335153	MMP2	HSP90AA1	9606	0.751	0	0	0	0.06	0.456	0	0.553
9606.ENSP00000219070	9606.ENSP00000329357	MMP2	SP1	9606	0.753	0	0	0	0	0.567	0	0.453
9606.ENSP00000219070	9606.ENSP00000263967	MMP2	PIK3CA	9606	0.755	0	0	0	0	0	0	0.755
9606.ENSP00000219070	9606.ENSP00000366563	MMP2	PIK3CD	9606	0.757	0	0	0	0	0	0	0.757
9606.ENSP00000219070	9606.ENSP00000501150	MMP2	PIK3CB	9606	0.757	0	0	0	0	0	0	0.757
9606.ENSP00000219070	9606.ENSP00000419260	MMP2	PIK3CG	9606	0.758	0	0	0	0	0	0	0.758
9606.ENSP00000219070	9606.ENSP00000264657	MMP2	STAT3	9606	0.936	0	0	0	0	0.532	0.5	0.751
9606.ENSP00000219070	9606.ENSP00000361405	MMP2	MMP9	9606	0.989	0	0	0.061	0.067	0.77	0.9	0.569
9606.ENSP00000223095	9606.ENSP00000355759	SERPINE1	PARP1	9606	0.403	0	0	0	0	0.226	0	0.261
9606.ENSP00000223095	9606.ENSP00000260010	SERPINE1	TLR2	9606	0.411	0	0	0	0.08	0	0	0.387
9606.ENSP00000223095	9606.ENSP00000466090	SERPINE1	ELANE	9606	0.438	0	0	0	0	0.066	0	0.423
9606.ENSP00000223095	9606.ENSP00000381185	SERPINE1	BCL2	9606	0.449	0	0	0	0	0	0	0.449
9606.ENSP00000223095	9606.ENSP00000263923	SERPINE1	KDR	9606	0.459	0	0	0	0.063	0	0	0.447
9606.ENSP00000223095	9606.ENSP00000311032	SERPINE1	CASP3	9606	0.475	0	0	0	0	0	0	0.475
9606.ENSP00000223095	9606.ENSP00000362649	SERPINE1	HDAC1	9606	0.508	0	0	0	0	0	0.4	0.214
9606.ENSP00000223095	9606.ENSP00000363089	SERPINE1	TLR4	9606	0.522	0	0	0	0.074	0	0	0.506
9606.ENSP00000223095	9606.ENSP00000275493	SERPINE1	EGFR	9606	0.527	0	0	0	0.094	0	0	0.5
9606.ENSP00000223095	9606.ENSP00000501150	SERPINE1	PIK3CB	9606	0.538	0	0	0	0	0	0	0.538
9606.ENSP00000223095	9606.ENSP00000419260	SERPINE1	PIK3CG	9606	0.539	0	0	0	0	0	0	0.539
9606.ENSP00000223095	9606.ENSP00000263967	SERPINE1	PIK3CA	9606	0.54	0	0	0	0	0	0	0.54
9606.ENSP00000223095	9606.ENSP00000264657	SERPINE1	STAT3	9606	0.544	0	0	0	0.085	0	0	0.523
9606.ENSP00000223095	9606.ENSP00000366563	SERPINE1	PIK3CD	9606	0.55	0	0	0	0.066	0	0	0.538
9606.ENSP00000223095	9606.ENSP00000367608	SERPINE1	CA9	9606	0.554	0	0	0	0.08	0	0	0.536
9606.ENSP00000223095	9606.ENSP00000385523	SERPINE1	PPARA	9606	0.581	0	0	0	0	0.273	0	0.448
9606.ENSP00000223095	9606.ENSP00000433138	SERPINE1	CASP1	9606	0.671	0	0	0	0	0	0.54	0.315
9606.ENSP00000223095	9606.ENSP00000287820	SERPINE1	PPARG	9606	0.681	0	0	0	0	0.273	0	0.58
9606.ENSP00000223095	9606.ENSP00000329357	SERPINE1	SP1	9606	0.702	0	0	0	0	0.452	0	0.479
9606.ENSP00000223095	9606.ENSP00000361405	SERPINE1	MMP9	9606	0.731	0	0	0	0.085	0	0	0.719
9606.ENSP00000241052	9606.ENSP00000390265	CAT	IDH1	9606	0.428	0.048	0	0	0.259	0.164	0	0.145
9606.ENSP00000241052	9606.ENSP00000489597	CAT	PTPN11	9606	0.495	0	0	0	0.11	0.456	0	0
9606.ENSP00000245960	9606.ENSP00000360683	CDC25B	PTPN1	9606	0.503	0	0	0	0.069	0.109	0	0.449
9606.ENSP00000247970	9606.ENSP00000331602	PIN1	PRKCD	9606	0.418	0	0	0	0.062	0	0.4	0.049
9606.ENSP00000247970	9606.ENSP00000408695	PIN1	PRKCA	9606	0.445	0	0	0	0.055	0	0.4	0.1
9606.ENSP00000247970	9606.ENSP00000362649	PIN1	HDAC1	9606	0.449	0.057	0	0	0.079	0.382	0	0.096
9606.ENSP00000247970	9606.ENSP00000287820	PIN1	PPARG	9606	0.491	0	0	0	0	0.457	0	0.102
9606.ENSP00000247970	9606.ENSP00000263377	PIN1	BRD4	9606	0.509	0	0	0	0.066	0.457	0	0.111
9606.ENSP00000247970	9606.ENSP00000329357	PIN1	SP1	9606	0.527	0	0	0	0.071	0.471	0	0.116
9606.ENSP00000247970	9606.ENSP00000381185	PIN1	BCL2	9606	0.53	0	0	0	0	0.457	0	0.171
9606.ENSP00000247970	9606.ENSP00000263253	PIN1	EP300	9606	0.532	0	0	0	0.06	0.456	0	0.16
9606.ENSP00000247970	9606.ENSP00000293288	PIN1	BAX	9606	0.551	0	0	0	0.122	0.456	0	0.137
9606.ENSP00000260010	9606.ENSP00000329357	TLR2	SP1	9606	0.4	0	0	0	0.061	0.271	0	0.194
9606.ENSP00000260010	9606.ENSP00000385523	TLR2	PPARA	9606	0.409	0	0	0	0	0	0	0.409
9606.ENSP00000260010	9606.ENSP00000499900	TLR2	JAK1	9606	0.467	0	0	0	0.089	0.068	0	0.423
9606.ENSP00000260010	9606.ENSP00000381185	TLR2	BCL2	9606	0.508	0	0	0	0.075	0	0	0.49
9606.ENSP00000260010	9606.ENSP00000466090	TLR2	ELANE	9606	0.512	0	0	0	0.076	0.044	0	0.492
9606.ENSP00000260010	9606.ENSP00000371067	TLR2	JAK2	9606	0.513	0	0	0	0.142	0.068	0	0.441
9606.ENSP00000260010	9606.ENSP00000430950	TLR2	IDO1	9606	0.52	0	0	0	0.08	0	0	0.5
9606.ENSP00000260010	9606.ENSP00000287820	TLR2	PPARG	9606	0.548	0	0	0	0	0	0	0.548
9606.ENSP00000260010	9606.ENSP00000311032	TLR2	CASP3	9606	0.588	0	0	0	0.065	0	0	0.578
9606.ENSP00000260010	9606.ENSP00000263967	TLR2	PIK3CA	9606	0.591	0	0	0	0	0.072	0	0.578
9606.ENSP00000260010	9606.ENSP00000501150	TLR2	PIK3CB	9606	0.606	0	0	0	0	0.072	0	0.593
9606.ENSP00000260010	9606.ENSP00000286301	TLR2	CSF1R	9606	0.621	0	0	0	0.313	0	0	0.472
9606.ENSP00000260010	9606.ENSP00000419260	TLR2	PIK3CG	9606	0.625	0	0	0	0.087	0.072	0	0.594
9606.ENSP00000260010	9606.ENSP00000366563	TLR2	PIK3CD	9606	0.627	0	0	0	0.094	0.072	0	0.593
9606.ENSP00000260010	9606.ENSP00000264657	TLR2	STAT3	9606	0.665	0	0	0	0.079	0	0	0.652
9606.ENSP00000260010	9606.ENSP00000361405	TLR2	MMP9	9606	0.703	0	0	0	0.194	0	0	0.647
9606.ENSP00000260010	9606.ENSP00000433138	TLR2	CASP1	9606	0.776	0	0	0	0.236	0	0	0.719
9606.ENSP00000260010	9606.ENSP00000335153	TLR2	HSP90AA1	9606	0.952	0	0	0	0	0.06	0.9	0.539
9606.ENSP00000260010	9606.ENSP00000353874	TLR2	TLR9	9606	0.968	0	0	0	0.075	0.476	0.9	0.42
9606.ENSP00000260010	9606.ENSP00000275493	TLR2	EGFR	9606	0.982	0	0	0	0	0.971	0	0.427
9606.ENSP00000260010	9606.ENSP00000363089	TLR2	TLR4	9606	0.989	0	0	0	0.307	0.476	0.9	0.739
9606.ENSP00000262238	9606.ENSP00000366563	YY1	PIK3CD	9606	0.433	0	0	0	0.048	0	0	0.429
9606.ENSP00000262238	9606.ENSP00000501150	YY1	PIK3CB	9606	0.445	0	0	0	0.068	0	0	0.429
9606.ENSP00000262238	9606.ENSP00000419260	YY1	PIK3CG	9606	0.447	0	0	0	0.071	0	0	0.43
9606.ENSP00000262238	9606.ENSP00000498466	YY1	FAS	9606	0.467	0	0	0	0	0.414	0	0.129
9606.ENSP00000262238	9606.ENSP00000264657	YY1	STAT3	9606	0.487	0	0	0	0.076	0	0	0.468
9606.ENSP00000262238	9606.ENSP00000275493	YY1	EGFR	9606	0.489	0	0	0	0.05	0.226	0	0.361
9606.ENSP00000262238	9606.ENSP00000263967	YY1	PIK3CA	9606	0.52	0	0	0	0.118	0.122	0	0.43
9606.ENSP00000262238	9606.ENSP00000355759	YY1	PARP1	9606	0.683	0	0	0	0.122	0.526	0	0.3
9606.ENSP00000262238	9606.ENSP00000263377	YY1	BRD4	9606	0.734	0	0	0	0.217	0.457	0	0.425
9606.ENSP00000262238	9606.ENSP00000362649	YY1	HDAC1	9606	0.998	0	0	0	0.129	0.984	0.8	0.602
9606.ENSP00000262238	9606.ENSP00000263253	YY1	EP300	9606	0.999	0	0	0	0.154	0.999	0.8	0.57
9606.ENSP00000262238	9606.ENSP00000329357	YY1	SP1	9606	0.999	0	0	0	0.1	0.999	0	0.223
9606.ENSP00000263253	9606.ENSP00000309572	EP300	TERT	9606	0.402	0	0	0	0	0	0	0.402
9606.ENSP00000263253	9606.ENSP00000478255	EP300	ABCB1	9606	0.43	0	0	0	0.065	0.27	0	0.233
9606.ENSP00000263253	9606.ENSP00000311032	EP300	CASP3	9606	0.436	0	0	0	0.071	0	0	0.418
9606.ENSP00000263253	9606.ENSP00000499900	EP300	JAK1	9606	0.446	0	0	0	0.131	0	0	0.389
9606.ENSP00000263253	9606.ENSP00000293288	EP300	BAX	9606	0.455	0	0	0	0.068	0	0	0.44
9606.ENSP00000263253	9606.ENSP00000371067	EP300	JAK2	9606	0.47	0	0	0	0.11	0	0	0.429
9606.ENSP00000263253	9606.ENSP00000361405	EP300	MMP9	9606	0.528	0	0	0	0.063	0.229	0	0.4
9606.ENSP00000263253	9606.ENSP00000440045	EP300	ATP2A2	9606	0.568	0	0	0	0.112	0.47	0	0.156
9606.ENSP00000263253	9606.ENSP00000331602	EP300	PRKCD	9606	0.577	0	0	0	0.075	0.457	0	0.227
9606.ENSP00000263253	9606.ENSP00000419260	EP300	PIK3CG	9606	0.583	0	0	0	0.07	0	0	0.57
9606.ENSP00000263253	9606.ENSP00000501150	EP300	PIK3CB	9606	0.585	0	0	0	0.076	0	0	0.57
9606.ENSP00000263253	9606.ENSP00000366563	EP300	PIK3CD	9606	0.586	0	0	0	0.077	0	0	0.57
9606.ENSP00000263253	9606.ENSP00000275493	EP300	EGFR	9606	0.597	0	0	0	0	0.142	0	0.55
9606.ENSP00000263253	9606.ENSP00000447149	EP300	NR1H4	9606	0.621	0	0	0	0	0.476	0	0.307
9606.ENSP00000263253	9606.ENSP00000263967	EP300	PIK3CA	9606	0.634	0	0	0	0.075	0	0	0.621
9606.ENSP00000263253	9606.ENSP00000367608	EP300	CA9	9606	0.699	0	0	0	0	0.226	0.5	0.286
9606.ENSP00000263253	9606.ENSP00000381185	EP300	BCL2	9606	0.77	0	0	0	0.066	0.066	0.5	0.536
9606.ENSP00000263253	9606.ENSP00000335153	EP300	HSP90AA1	9606	0.857	0	0	0	0.081	0.457	0.5	0.497
9606.ENSP00000263253	9606.ENSP00000408695	EP300	PRKCA	9606	0.864	0	0	0	0.067	0.802	0	0.326
9606.ENSP00000263253	9606.ENSP00000385523	EP300	PPARA	9606	0.983	0	0	0	0.068	0.965	0	0.539
9606.ENSP00000263253	9606.ENSP00000355759	EP300	PARP1	9606	0.997	0	0	0	0.089	0.995	0	0.441
9606.ENSP00000263253	9606.ENSP00000263377	EP300	BRD4	9606	0.998	0	0	0	0.304	0.991	0.5	0.452
9606.ENSP00000263253	9606.ENSP00000264657	EP300	STAT3	9606	0.999	0	0	0	0.097	0.999	0.9	0.641
9606.ENSP00000263253	9606.ENSP00000287820	EP300	PPARG	9606	0.999	0	0	0	0	0.999	0.5	0.687
9606.ENSP00000263253	9606.ENSP00000329357	EP300	SP1	9606	0.999	0	0	0	0.159	0.999	0.8	0.443
9606.ENSP00000263253	9606.ENSP00000362649	EP300	HDAC1	9606	0.999	0	0	0	0.082	0.999	0.5	0.833
9606.ENSP00000263377	9606.ENSP00000311032	BRD4	CASP3	9606	0.403	0	0	0	0	0	0	0.403
9606.ENSP00000263377	9606.ENSP00000285930	BRD4	AKR1B1	9606	0.473	0	0	0	0.048	0.457	0	0.064
9606.ENSP00000263377	9606.ENSP00000477781	BRD4	TPT1	9606	0.486	0	0	0	0.08	0.457	0	0.054
9606.ENSP00000263377	9606.ENSP00000501150	BRD4	PIK3CB	9606	0.494	0	0	0	0	0	0	0.494
9606.ENSP00000263377	9606.ENSP00000419260	BRD4	PIK3CG	9606	0.496	0	0	0	0	0	0	0.496
9606.ENSP00000263377	9606.ENSP00000449089	BRD4	DNM1L	9606	0.501	0	0	0	0.075	0.457	0	0.087
9606.ENSP00000263377	9606.ENSP00000381607	BRD4	GSTP1	9606	0.511	0	0	0	0	0.457	0	0.138
9606.ENSP00000263377	9606.ENSP00000366563	BRD4	PIK3CD	9606	0.512	0	0	0	0.072	0	0	0.496
9606.ENSP00000263377	9606.ENSP00000369927	BRD4	AKR1C3	9606	0.519	0	0	0	0.055	0.457	0	0.139
9606.ENSP00000263377	9606.ENSP00000433138	BRD4	CASP1	9606	0.542	0	0	0	0	0.457	0	0.192
9606.ENSP00000263377	9606.ENSP00000371067	BRD4	JAK2	9606	0.546	0	0	0	0.061	0.302	0	0.364
9606.ENSP00000263377	9606.ENSP00000263967	BRD4	PIK3CA	9606	0.556	0	0	0	0.094	0	0	0.531
9606.ENSP00000263377	9606.ENSP00000489597	BRD4	PTPN11	9606	0.593	0	0	0	0.115	0.458	0	0.221
9606.ENSP00000263377	9606.ENSP00000275493	BRD4	EGFR	9606	0.867	0	0	0	0.075	0.739	0	0.494
9606.ENSP00000263377	9606.ENSP00000335153	BRD4	HSP90AA1	9606	0.871	0	0	0	0.07	0.802	0	0.36
9606.ENSP00000263377	9606.ENSP00000381185	BRD4	BCL2	9606	0.888	0	0	0	0	0.78	0	0.512
9606.ENSP00000263377	9606.ENSP00000355759	BRD4	PARP1	9606	0.913	0	0	0	0.091	0.826	0	0.497
9606.ENSP00000263377	9606.ENSP00000264657	BRD4	STAT3	9606	0.949	0	0	0	0.176	0.802	0.5	0.459
9606.ENSP00000263377	9606.ENSP00000362649	BRD4	HDAC1	9606	0.998	0	0	0	0.091	0.996	0	0.557
9606.ENSP00000263923	9606.ENSP00000287936	KDR	HMGCR	9606	0.4	0	0	0	0	0	0	0.4
9606.ENSP00000263923	9606.ENSP00000430950	KDR	IDO1	9606	0.408	0	0	0	0.075	0	0	0.387
9606.ENSP00000263923	9606.ENSP00000330237	KDR	CASP9	9606	0.431	0	0	0	0	0	0	0.431
9606.ENSP00000263923	9606.ENSP00000390265	KDR	IDH1	9606	0.441	0	0	0	0	0	0	0.441
9606.ENSP00000263923	9606.ENSP00000355759	KDR	PARP1	9606	0.442	0	0	0	0	0	0	0.442
9606.ENSP00000263923	9606.ENSP00000478255	KDR	ABCB1	9606	0.446	0	0	0	0.075	0	0	0.426
9606.ENSP00000263923	9606.ENSP00000287820	KDR	PPARG	9606	0.449	0	0	0	0	0	0	0.449
9606.ENSP00000263923	9606.ENSP00000275493	KDR	EGFR	9606	0.453	0	0	0	0.087	0.142	0	0.358
9606.ENSP00000263923	9606.ENSP00000329357	KDR	SP1	9606	0.458	0	0	0	0	0.263	0	0.295
9606.ENSP00000263923	9606.ENSP00000293288	KDR	BAX	9606	0.47	0	0	0	0	0	0	0.47
9606.ENSP00000263923	9606.ENSP00000367608	KDR	CA9	9606	0.474	0	0	0	0.08	0	0	0.452
9606.ENSP00000263923	9606.ENSP00000309572	KDR	TERT	9606	0.507	0	0	0	0	0	0	0.507
9606.ENSP00000263923	9606.ENSP00000363089	KDR	TLR4	9606	0.537	0	0	0	0.073	0	0	0.522
9606.ENSP00000263923	9606.ENSP00000311032	KDR	CASP3	9606	0.583	0	0	0	0	0	0	0.583
9606.ENSP00000263923	9606.ENSP00000381185	KDR	BCL2	9606	0.597	0	0	0	0.047	0	0	0.595
9606.ENSP00000263923	9606.ENSP00000360683	KDR	PTPN1	9606	0.616	0	0	0	0	0.365	0	0.421
9606.ENSP00000263923	9606.ENSP00000264657	KDR	STAT3	9606	0.652	0	0	0	0.057	0.078	0	0.632
9606.ENSP00000263923	9606.ENSP00000419260	KDR	PIK3CG	9606	0.731	0	0	0	0	0.08	0	0.72
9606.ENSP00000263923	9606.ENSP00000489597	KDR	PTPN11	9606	0.79	0	0	0	0.058	0.599	0	0.491
9606.ENSP00000263923	9606.ENSP00000361405	KDR	MMP9	9606	0.811	0	0	0	0.066	0	0	0.806
9606.ENSP00000263923	9606.ENSP00000335153	KDR	HSP90AA1	9606	0.834	0	0	0	0	0.457	0.5	0.441
9606.ENSP00000263923	9606.ENSP00000499900	KDR	JAK1	9606	0.917	0	0	0	0.065	0	0.9	0.188
9606.ENSP00000263923	9606.ENSP00000371067	KDR	JAK2	9606	0.923	0	0	0	0	0	0.9	0.262
9606.ENSP00000263923	9606.ENSP00000366563	KDR	PIK3CD	9606	0.971	0	0	0	0	0.077	0.9	0.72
9606.ENSP00000263923	9606.ENSP00000501150	KDR	PIK3CB	9606	0.971	0	0	0	0	0.077	0.9	0.72
9606.ENSP00000263923	9606.ENSP00000263967	KDR	PIK3CA	9606	0.988	0	0	0	0	0.617	0.9	0.723
9606.ENSP00000263967	9606.ENSP00000449089	PIK3CA	DNM1L	9606	0.41	0	0	0	0.075	0	0	0.389
9606.ENSP00000263967	9606.ENSP00000367608	PIK3CA	CA9	9606	0.441	0	0	0	0	0	0	0.441
9606.ENSP00000263967	9606.ENSP00000302846	PIK3CA	PTGER4	9606	0.447	0	0	0	0.063	0	0	0.435
9606.ENSP00000263967	9606.ENSP00000492001	PIK3CA	PFKFB3	9606	0.458	0	0	0	0.069	0	0	0.442
9606.ENSP00000263967	9606.ENSP00000498466	PIK3CA	FAS	9606	0.46	0	0	0	0.075	0	0	0.441
9606.ENSP00000263967	9606.ENSP00000287936	PIK3CA	HMGCR	9606	0.47	0	0	0	0	0	0	0.47
9606.ENSP00000263967	9606.ENSP00000329357	PIK3CA	SP1	9606	0.519	0	0	0	0.094	0	0	0.491
9606.ENSP00000263967	9606.ENSP00000358327	PIK3CA	CASP7	9606	0.524	0	0	0	0.077	0.063	0	0.494
9606.ENSP00000263967	9606.ENSP00000360683	PIK3CA	PTPN1	9606	0.53	0	0	0	0.075	0.069	0	0.499
9606.ENSP00000263967	9606.ENSP00000356155	PIK3CA	PIK3C2B	9606	0.538	0	0	0	0.075	0.066	0.4	0.214
9606.ENSP00000263967	9606.ENSP00000430950	PIK3CA	IDO1	9606	0.55	0	0	0	0	0	0	0.55
9606.ENSP00000263967	9606.ENSP00000362649	PIK3CA	HDAC1	9606	0.553	0	0	0	0	0.145	0	0.499
9606.ENSP00000263967	9606.ENSP00000433138	PIK3CA	CASP1	9606	0.563	0	0	0	0.064	0.049	0	0.549
9606.ENSP00000263967	9606.ENSP00000478255	PIK3CA	ABCB1	9606	0.581	0	0	0	0	0	0	0.581
9606.ENSP00000263967	9606.ENSP00000385523	PIK3CA	PPARA	9606	0.583	0	0	0	0.071	0	0	0.57
9606.ENSP00000263967	9606.ENSP00000408695	PIK3CA	PRKCA	9606	0.645	0	0	0	0.066	0.088	0	0.617
9606.ENSP00000263967	9606.ENSP00000390265	PIK3CA	IDH1	9606	0.702	0	0	0	0	0	0	0.702
9606.ENSP00000263967	9606.ENSP00000309572	PIK3CA	TERT	9606	0.705	0	0	0	0.057	0	0	0.701
9606.ENSP00000263967	9606.ENSP00000287820	PIK3CA	PPARG	9606	0.717	0	0	0	0.047	0	0	0.716
9606.ENSP00000263967	9606.ENSP00000353874	PIK3CA	TLR9	9606	0.731	0	0	0	0	0.072	0.5	0.468
9606.ENSP00000263967	9606.ENSP00000330237	PIK3CA	CASP9	9606	0.734	0	0	0	0.075	0.062	0	0.719
9606.ENSP00000263967	9606.ENSP00000355759	PIK3CA	PARP1	9606	0.758	0	0	0	0.047	0	0	0.757
9606.ENSP00000263967	9606.ENSP00000361405	PIK3CA	MMP9	9606	0.76	0	0	0	0	0	0	0.76
9606.ENSP00000263967	9606.ENSP00000340691	PIK3CA	EIF4EBP1	9606	0.841	0	0	0	0	0	0	0.841
9606.ENSP00000263967	9606.ENSP00000335153	PIK3CA	HSP90AA1	9606	0.847	0	0	0	0.064	0	0.5	0.701
9606.ENSP00000263967	9606.ENSP00000293288	PIK3CA	BAX	9606	0.859	0	0	0	0.064	0	0	0.856
9606.ENSP00000263967	9606.ENSP00000311032	PIK3CA	CASP3	9606	0.866	0	0	0	0.092	0.063	0	0.856
9606.ENSP00000263967	9606.ENSP00000286301	PIK3CA	CSF1R	9606	0.879	0	0	0	0.093	0.456	0.5	0.568
9606.ENSP00000263967	9606.ENSP00000381185	PIK3CA	BCL2	9606	0.884	0	0	0	0.077	0	0	0.88
9606.ENSP00000263967	9606.ENSP00000331602	PIK3CA	PRKCD	9606	0.938	0	0	0	0.064	0	0.9	0.4
9606.ENSP00000263967	9606.ENSP00000264657	PIK3CA	STAT3	9606	0.957	0	0	0	0.081	0	0.5	0.915
9606.ENSP00000263967	9606.ENSP00000499900	PIK3CA	JAK1	9606	0.965	0	0	0	0.075	0	0.9	0.653
9606.ENSP00000263967	9606.ENSP00000393312	PIK3CA	FGFR1	9606	0.973	0	0	0	0.06	0	0.9	0.741
9606.ENSP00000263967	9606.ENSP00000419260	PIK3CA	PIK3CG	9606	0.979	0	0	0	0.075	0.643	0.9	0.448
9606.ENSP00000263967	9606.ENSP00000363089	PIK3CA	TLR4	9606	0.98	0	0	0	0.089	0.077	0.9	0.797
9606.ENSP00000263967	9606.ENSP00000371067	PIK3CA	JAK2	9606	0.985	0	0	0	0.189	0	0.9	0.835
9606.ENSP00000263967	9606.ENSP00000366563	PIK3CA	PIK3CD	9606	0.99	0	0	0.06	0	0.776	0.9	0.613
9606.ENSP00000263967	9606.ENSP00000501150	PIK3CA	PIK3CB	9606	0.994	0	0	0.06	0.199	0.809	0.9	0.696
9606.ENSP00000263967	9606.ENSP00000489597	PIK3CA	PTPN11	9606	0.998	0	0	0	0.097	0.938	0.9	0.716
9606.ENSP00000263967	9606.ENSP00000275493	PIK3CA	EGFR	9606	0.999	0	0	0	0.057	0.997	0.9	0.93
9606.ENSP00000264657	9606.ENSP00000492001	STAT3	PFKFB3	9606	0.405	0	0	0	0.117	0	0	0.354
9606.ENSP00000264657	9606.ENSP00000302846	STAT3	PTGER4	9606	0.422	0	0	0	0.064	0	0	0.408
9606.ENSP00000264657	9606.ENSP00000449089	STAT3	DNM1L	9606	0.43	0	0	0	0.2	0.069	0	0.297
9606.ENSP00000264657	9606.ENSP00000287936	STAT3	HMGCR	9606	0.442	0	0	0	0.055	0	0	0.434
9606.ENSP00000264657	9606.ENSP00000447149	STAT3	NR1H4	9606	0.45	0	0	0	0	0	0	0.45
9606.ENSP00000264657	9606.ENSP00000408695	STAT3	PRKCA	9606	0.466	0	0	0	0.085	0	0	0.441
9606.ENSP00000264657	9606.ENSP00000358327	STAT3	CASP7	9606	0.482	0	0	0	0.075	0	0	0.463
9606.ENSP00000264657	9606.ENSP00000390265	STAT3	IDH1	9606	0.526	0	0	0	0.08	0.071	0	0.491
9606.ENSP00000264657	9606.ENSP00000478255	STAT3	ABCB1	9606	0.568	0	0	0	0	0	0	0.568
9606.ENSP00000264657	9606.ENSP00000353874	STAT3	TLR9	9606	0.574	0	0	0	0.044	0	0	0.573
9606.ENSP00000264657	9606.ENSP00000367608	STAT3	CA9	9606	0.584	0	0	0	0	0.35	0	0.387
9606.ENSP00000264657	9606.ENSP00000433138	STAT3	CASP1	9606	0.602	0	0	0	0.075	0	0	0.588
9606.ENSP00000264657	9606.ENSP00000385523	STAT3	PPARA	9606	0.659	0	0	0	0.07	0.226	0	0.565
9606.ENSP00000264657	9606.ENSP00000330237	STAT3	CASP9	9606	0.664	0	0	0	0.075	0	0	0.652
9606.ENSP00000264657	9606.ENSP00000381607	STAT3	GSTP1	9606	0.664	0	0	0	0.058	0.526	0	0.309
9606.ENSP00000264657	9606.ENSP00000355759	STAT3	PARP1	9606	0.665	0	0	0	0.069	0	0	0.655
9606.ENSP00000264657	9606.ENSP00000430950	STAT3	IDO1	9606	0.667	0	0	0	0.069	0	0	0.658
9606.ENSP00000264657	9606.ENSP00000498466	STAT3	FAS	9606	0.682	0	0	0	0.088	0.414	0	0.453
9606.ENSP00000264657	9606.ENSP00000309572	STAT3	TERT	9606	0.694	0	0	0	0	0.392	0	0.518
9606.ENSP00000264657	9606.ENSP00000340691	STAT3	EIF4EBP1	9606	0.712	0	0	0	0	0.457	0	0.492
9606.ENSP00000264657	9606.ENSP00000293288	STAT3	BAX	9606	0.736	0	0	0	0.075	0.058	0	0.722
9606.ENSP00000264657	9606.ENSP00000393312	STAT3	FGFR1	9606	0.737	0	0	0	0.047	0.457	0	0.533
9606.ENSP00000264657	9606.ENSP00000363089	STAT3	TLR4	9606	0.78	0	0	0	0.08	0	0	0.771
9606.ENSP00000264657	9606.ENSP00000331602	STAT3	PRKCD	9606	0.787	0	0	0	0.075	0.634	0	0.424
9606.ENSP00000264657	9606.ENSP00000287820	STAT3	PPARG	9606	0.803	0	0	0	0	0.321	0	0.722
9606.ENSP00000264657	9606.ENSP00000286301	STAT3	CSF1R	9606	0.813	0	0	0	0.072	0.124	0.5	0.596
9606.ENSP00000264657	9606.ENSP00000311032	STAT3	CASP3	9606	0.89	0	0	0	0.044	0.461	0	0.804
9606.ENSP00000264657	9606.ENSP00000361405	STAT3	MMP9	9606	0.914	0	0	0	0.068	0.263	0.5	0.781
9606.ENSP00000264657	9606.ENSP00000419260	STAT3	PIK3CG	9606	0.914	0	0	0	0	0	0	0.914
9606.ENSP00000264657	9606.ENSP00000360683	STAT3	PTPN1	9606	0.926	0	0	0	0.159	0.802	0	0.594
9606.ENSP00000264657	9606.ENSP00000366563	STAT3	PIK3CD	9606	0.956	0	0	0	0.094	0	0.5	0.912
9606.ENSP00000264657	9606.ENSP00000501150	STAT3	PIK3CB	9606	0.957	0	0	0	0.079	0	0.5	0.915
9606.ENSP00000264657	9606.ENSP00000335153	STAT3	HSP90AA1	9606	0.964	0	0	0	0.09	0.802	0.5	0.651
9606.ENSP00000264657	9606.ENSP00000381185	STAT3	BCL2	9606	0.986	0	0	0	0.058	0.665	0.75	0.849
9606.ENSP00000264657	9606.ENSP00000329357	STAT3	SP1	9606	0.987	0	0	0	0.075	0.975	0	0.499
9606.ENSP00000264657	9606.ENSP00000362649	STAT3	HDAC1	9606	0.994	0	0	0	0.08	0.977	0.5	0.569
9606.ENSP00000264657	9606.ENSP00000489597	STAT3	PTPN11	9606	0.996	0	0	0	0.159	0.962	0.5	0.784
9606.ENSP00000264657	9606.ENSP00000275493	STAT3	EGFR	9606	0.999	0	0	0	0.061	0.999	0.9	0.827
9606.ENSP00000264657	9606.ENSP00000371067	STAT3	JAK2	9606	0.999	0	0	0	0.075	0.999	0.9	0.959
9606.ENSP00000264657	9606.ENSP00000499900	STAT3	JAK1	9606	0.999	0	0	0	0.219	0.995	0.9	0.942
9606.ENSP00000275493	9606.ENSP00000498466	EGFR	FAS	9606	0.4	0	0	0	0	0	0	0.4
9606.ENSP00000275493	9606.ENSP00000492001	EGFR	PFKFB3	9606	0.402	0	0	0	0	0.197	0	0.287
9606.ENSP00000275493	9606.ENSP00000331602	EGFR	PRKCD	9606	0.433	0	0	0	0	0.315	0	0.207
9606.ENSP00000275493	9606.ENSP00000358327	EGFR	CASP7	9606	0.446	0	0	0	0.047	0	0	0.443
9606.ENSP00000275493	9606.ENSP00000430950	EGFR	IDO1	9606	0.54	0	0	0	0	0	0	0.54
9606.ENSP00000275493	9606.ENSP00000340691	EGFR	EIF4EBP1	9606	0.561	0	0	0	0	0.071	0	0.547
9606.ENSP00000275493	9606.ENSP00000385523	EGFR	PPARA	9606	0.566	0	0	0	0.093	0.182	0	0.463
9606.ENSP00000275493	9606.ENSP00000367608	EGFR	CA9	9606	0.596	0	0	0	0.101	0	0	0.57
9606.ENSP00000275493	9606.ENSP00000477781	EGFR	TPT1	9606	0.6	0	0	0	0	0.538	0	0.171
9606.ENSP00000275493	9606.ENSP00000478255	EGFR	ABCB1	9606	0.615	0	0	0	0.065	0	0	0.606
9606.ENSP00000275493	9606.ENSP00000330237	EGFR	CASP9	9606	0.617	0	0	0	0.047	0	0	0.615
9606.ENSP00000275493	9606.ENSP00000362649	EGFR	HDAC1	9606	0.619	0	0	0	0.061	0.28	0	0.482
9606.ENSP00000275493	9606.ENSP00000433138	EGFR	CASP1	9606	0.65	0	0	0	0.068	0.457	0	0.365
9606.ENSP00000275493	9606.ENSP00000293288	EGFR	BAX	9606	0.658	0	0	0	0.052	0	0	0.655
9606.ENSP00000275493	9606.ENSP00000393312	EGFR	FGFR1	9606	0.679	0	0	0	0.1	0.509	0	0.334
9606.ENSP00000275493	9606.ENSP00000361405	EGFR	MMP9	9606	0.73	0	0	0	0.052	0	0	0.727
9606.ENSP00000275493	9606.ENSP00000363089	EGFR	TLR4	9606	0.743	0	0	0	0	0.456	0	0.547
9606.ENSP00000275493	9606.ENSP00000311032	EGFR	CASP3	9606	0.748	0	0	0	0.067	0	0	0.741
9606.ENSP00000275493	9606.ENSP00000329357	EGFR	SP1	9606	0.756	0	0	0	0.061	0.567	0	0.45
9606.ENSP00000275493	9606.ENSP00000381185	EGFR	BCL2	9606	0.766	0	0	0	0.052	0	0	0.764
9606.ENSP00000275493	9606.ENSP00000390265	EGFR	IDH1	9606	0.77	0	0	0	0	0	0	0.77
9606.ENSP00000275493	9606.ENSP00000309572	EGFR	TERT	9606	0.793	0	0	0	0	0.298	0	0.718
9606.ENSP00000275493	9606.ENSP00000287820	EGFR	PPARG	9606	0.796	0	0	0	0.123	0.525	0	0.55
9606.ENSP00000275493	9606.ENSP00000355759	EGFR	PARP1	9606	0.81	0	0	0	0.055	0.342	0	0.719
9606.ENSP00000275493	9606.ENSP00000440045	EGFR	ATP2A2	9606	0.828	0	0	0	0.075	0.796	0	0.164
9606.ENSP00000275493	9606.ENSP00000381607	EGFR	GSTP1	9606	0.88	0	0	0	0.068	0.802	0	0.404
9606.ENSP00000275493	9606.ENSP00000419260	EGFR	PIK3CG	9606	0.927	0	0	0	0	0.181	0	0.915
9606.ENSP00000275493	9606.ENSP00000499900	EGFR	JAK1	9606	0.984	0	0	0	0.096	0.798	0.9	0.267
9606.ENSP00000275493	9606.ENSP00000366563	EGFR	PIK3CD	9606	0.987	0	0	0	0	0	0.9	0.882
9606.ENSP00000275493	9606.ENSP00000408695	EGFR	PRKCA	9606	0.996	0	0	0	0.07	0.995	0	0.263
9606.ENSP00000275493	9606.ENSP00000371067	EGFR	JAK2	9606	0.997	0	0	0	0	0.967	0.9	0.321
9606.ENSP00000275493	9606.ENSP00000335153	EGFR	HSP90AA1	9606	0.999	0	0	0	0.064	0.999	0.5	0.722
9606.ENSP00000275493	9606.ENSP00000356155	EGFR	PIK3C2B	9606	0.999	0	0	0	0.088	0.999	0	0.323
9606.ENSP00000275493	9606.ENSP00000360683	EGFR	PTPN1	9606	0.999	0	0	0	0.059	0.999	0	0.603
9606.ENSP00000275493	9606.ENSP00000489597	EGFR	PTPN11	9606	0.999	0	0	0	0	0.999	0.9	0.756
9606.ENSP00000275493	9606.ENSP00000501150	EGFR	PIK3CB	9606	0.999	0	0	0	0.06	0.947	0.9	0.924
9606.ENSP00000285379	9606.ENSP00000361405	CA2	MMP9	9606	0.448	0	0	0	0.075	0	0	0.428
9606.ENSP00000285379	9606.ENSP00000367608	CA2	CA9	9606	0.59	0	0	0.13	0	0.457	0	0.202
9606.ENSP00000285930	9606.ENSP00000287820	AKR1B1	PPARG	9606	0.461	0	0	0	0.06	0.046	0	0.448
9606.ENSP00000285930	9606.ENSP00000381607	AKR1B1	GSTP1	9606	0.468	0	0	0	0.156	0.089	0	0.364
9606.ENSP00000285930	9606.ENSP00000360683	AKR1B1	PTPN1	9606	0.549	0	0	0	0.06	0.044	0	0.539
9606.ENSP00000285930	9606.ENSP00000369927	AKR1B1	AKR1C3	9606	0.913	0	0	0.071	0.098	0	0.9	0.088
9606.ENSP00000286301	9606.ENSP00000287820	CSF1R	PPARG	9606	0.404	0	0	0	0.057	0	0	0.394
9606.ENSP00000286301	9606.ENSP00000433138	CSF1R	CASP1	9606	0.415	0	0	0	0.179	0	0	0.317
9606.ENSP00000286301	9606.ENSP00000353874	CSF1R	TLR9	9606	0.419	0	0	0	0.075	0	0	0.398
9606.ENSP00000286301	9606.ENSP00000311032	CSF1R	CASP3	9606	0.423	0	0	0	0	0	0	0.423
9606.ENSP00000286301	9606.ENSP00000390265	CSF1R	IDH1	9606	0.455	0	0	0	0.066	0	0	0.441
9606.ENSP00000286301	9606.ENSP00000430950	CSF1R	IDO1	9606	0.552	0	0	0	0.067	0	0	0.54
9606.ENSP00000286301	9606.ENSP00000419260	CSF1R	PIK3CG	9606	0.58	0	0	0	0.11	0	0	0.548
9606.ENSP00000286301	9606.ENSP00000361405	CSF1R	MMP9	9606	0.599	0	0	0	0.2	0	0	0.52
9606.ENSP00000286301	9606.ENSP00000363089	CSF1R	TLR4	9606	0.66	0	0	0	0.293	0	0	0.54
9606.ENSP00000286301	9606.ENSP00000501150	CSF1R	PIK3CB	9606	0.765	0	0	0	0.093	0	0.5	0.524
9606.ENSP00000286301	9606.ENSP00000366563	CSF1R	PIK3CD	9606	0.79	0	0	0	0.171	0	0.5	0.535
9606.ENSP00000286301	9606.ENSP00000489597	CSF1R	PTPN11	9606	0.792	0	0	0	0.148	0	0.5	0.553
9606.ENSP00000287295	9606.ENSP00000381185	AIFM1	BCL2	9606	0.485	0	0	0	0	0	0	0.485
9606.ENSP00000287295	9606.ENSP00000330237	AIFM1	CASP9	9606	0.552	0	0	0	0.075	0	0	0.536
9606.ENSP00000287295	9606.ENSP00000355759	AIFM1	PARP1	9606	0.616	0	0	0	0.125	0	0	0.58
9606.ENSP00000287295	9606.ENSP00000311032	AIFM1	CASP3	9606	0.649	0	0	0	0.061	0	0	0.642
9606.ENSP00000287295	9606.ENSP00000293288	AIFM1	BAX	9606	0.961	0	0	0	0.075	0.408	0.9	0.384
9606.ENSP00000287820	9606.ENSP00000440045	PPARG	ATP2A2	9606	0.428	0	0	0	0	0.273	0	0.246
9606.ENSP00000287820	9606.ENSP00000355759	PPARG	PARP1	9606	0.437	0	0	0	0.064	0	0	0.424
9606.ENSP00000287820	9606.ENSP00000335153	PPARG	HSP90AA1	9606	0.445	0	0	0	0.042	0.048	0	0.441
9606.ENSP00000287820	9606.ENSP00000449089	PPARG	DNM1L	9606	0.445	0	0	0	0	0	0	0.445
9606.ENSP00000287820	9606.ENSP00000330237	PPARG	CASP9	9606	0.466	0	0	0	0	0	0	0.466
9606.ENSP00000287820	9606.ENSP00000309572	PPARG	TERT	9606	0.487	0	0	0	0.064	0	0	0.475
9606.ENSP00000287820	9606.ENSP00000371067	PPARG	JAK2	9606	0.514	0	0	0	0	0	0	0.514
9606.ENSP00000287820	9606.ENSP00000433138	PPARG	CASP1	9606	0.528	0	0	0	0.088	0	0	0.504
9606.ENSP00000287820	9606.ENSP00000360683	PPARG	PTPN1	9606	0.545	0	0	0	0	0	0	0.545
9606.ENSP00000287820	9606.ENSP00000293288	PPARG	BAX	9606	0.57	0	0	0	0	0	0	0.57
9606.ENSP00000287820	9606.ENSP00000408695	PPARG	PRKCA	9606	0.652	0	0	0	0	0.457	0	0.387
9606.ENSP00000287820	9606.ENSP00000287936	PPARG	HMGCR	9606	0.679	0	0	0	0.058	0	0	0.674
9606.ENSP00000287820	9606.ENSP00000311032	PPARG	CASP3	9606	0.68	0	0	0	0	0	0	0.68
9606.ENSP00000287820	9606.ENSP00000385523	PPARG	PPARA	9606	0.709	0	0	0	0.069	0	0.5	0.427
9606.ENSP00000287820	9606.ENSP00000366563	PPARG	PIK3CD	9606	0.716	0	0	0	0.047	0	0	0.715
9606.ENSP00000287820	9606.ENSP00000419260	PPARG	PIK3CG	9606	0.72	0	0	0	0.056	0	0	0.716
9606.ENSP00000287820	9606.ENSP00000501150	PPARG	PIK3CB	9606	0.725	0	0	0	0.077	0	0	0.715
9606.ENSP00000287820	9606.ENSP00000363089	PPARG	TLR4	9606	0.73	0	0	0	0.095	0	0	0.714
9606.ENSP00000287820	9606.ENSP00000361405	PPARG	MMP9	9606	0.745	0	0	0	0	0.26	0	0.67
9606.ENSP00000287820	9606.ENSP00000381185	PPARG	BCL2	9606	0.747	0	0	0	0	0.26	0	0.673
9606.ENSP00000287820	9606.ENSP00000362649	PPARG	HDAC1	9606	0.975	0	0	0	0	0.919	0.5	0.444
9606.ENSP00000287820	9606.ENSP00000329357	PPARG	SP1	9606	0.994	0	0	0	0	0.991	0	0.405
9606.ENSP00000287936	9606.ENSP00000361405	HMGCR	MMP9	9606	0.402	0	0	0	0.059	0	0	0.391
9606.ENSP00000287936	9606.ENSP00000381185	HMGCR	BCL2	9606	0.411	0	0	0	0	0	0	0.411
9606.ENSP00000287936	9606.ENSP00000492001	HMGCR	PFKFB3	9606	0.417	0	0	0	0.058	0	0	0.407
9606.ENSP00000287936	9606.ENSP00000478255	HMGCR	ABCB1	9606	0.44	0	0	0	0.044	0.068	0	0.423
9606.ENSP00000287936	9606.ENSP00000366563	HMGCR	PIK3CD	9606	0.47	0	0	0	0	0	0	0.47
9606.ENSP00000287936	9606.ENSP00000501150	HMGCR	PIK3CB	9606	0.48	0	0	0	0.06	0	0	0.47
9606.ENSP00000287936	9606.ENSP00000311032	HMGCR	CASP3	9606	0.486	0	0	0	0.082	0	0	0.464
9606.ENSP00000287936	9606.ENSP00000419260	HMGCR	PIK3CG	9606	0.486	0	0	0	0	0	0	0.486
9606.ENSP00000287936	9606.ENSP00000447149	HMGCR	NR1H4	9606	0.608	0	0	0	0.055	0	0	0.603
9606.ENSP00000287936	9606.ENSP00000385523	HMGCR	PPARA	9606	0.857	0	0	0	0	0	0.5	0.727
9606.ENSP00000293288	9606.ENSP00000499900	BAX	JAK1	9606	0.401	0	0	0	0.05	0	0	0.396
9606.ENSP00000293288	9606.ENSP00000309572	BAX	TERT	9606	0.423	0	0	0	0	0	0	0.423
9606.ENSP00000293288	9606.ENSP00000385523	BAX	PPARA	9606	0.44	0	0	0	0	0	0	0.44
9606.ENSP00000293288	9606.ENSP00000362649	BAX	HDAC1	9606	0.469	0	0	0	0.075	0	0	0.45
9606.ENSP00000293288	9606.ENSP00000478255	BAX	ABCB1	9606	0.499	0	0	0	0.044	0	0	0.498
9606.ENSP00000293288	9606.ENSP00000340691	BAX	EIF4EBP1	9606	0.51	0	0	0	0.076	0	0	0.492
9606.ENSP00000293288	9606.ENSP00000329357	BAX	SP1	9606	0.529	0	0	0	0.073	0.27	0	0.361
9606.ENSP00000293288	9606.ENSP00000408695	BAX	PRKCA	9606	0.546	0	0	0	0.06	0	0	0.537
9606.ENSP00000293288	9606.ENSP00000371067	BAX	JAK2	9606	0.576	0	0	0	0	0	0	0.576
9606.ENSP00000293288	9606.ENSP00000335153	BAX	HSP90AA1	9606	0.582	0	0	0	0.069	0	0	0.57
9606.ENSP00000293288	9606.ENSP00000449089	BAX	DNM1L	9606	0.586	0	0	0	0	0.077	0	0.57
9606.ENSP00000293288	9606.ENSP00000363089	BAX	TLR4	9606	0.593	0	0	0	0	0	0	0.593
9606.ENSP00000293288	9606.ENSP00000498466	BAX	FAS	9606	0.638	0	0	0	0.083	0	0	0.622
9606.ENSP00000293288	9606.ENSP00000433138	BAX	CASP1	9606	0.647	0	0	0	0.072	0	0	0.636
9606.ENSP00000293288	9606.ENSP00000361405	BAX	MMP9	9606	0.716	0	0	0	0	0	0	0.716
9606.ENSP00000293288	9606.ENSP00000355759	BAX	PARP1	9606	0.806	0	0	0	0.071	0	0	0.8
9606.ENSP00000293288	9606.ENSP00000419260	BAX	PIK3CG	9606	0.856	0	0	0	0	0	0	0.856
9606.ENSP00000293288	9606.ENSP00000501150	BAX	PIK3CB	9606	0.856	0	0	0	0	0	0	0.856
9606.ENSP00000293288	9606.ENSP00000366563	BAX	PIK3CD	9606	0.86	0	0	0	0.068	0	0	0.856
9606.ENSP00000293288	9606.ENSP00000358327	BAX	CASP7	9606	0.91	0	0	0	0.075	0.456	0	0.836
9606.ENSP00000293288	9606.ENSP00000330237	BAX	CASP9	9606	0.966	0	0	0	0.077	0.456	0	0.938
9606.ENSP00000293288	9606.ENSP00000311032	BAX	CASP3	9606	0.983	0	0	0	0.088	0.456	0	0.97
9606.ENSP00000293288	9606.ENSP00000381185	BAX	BCL2	9606	0.999	0	0	0	0.075	0.999	0.9	0.834
9606.ENSP00000301141	9606.ENSP00000355930	CYP2A6	SLC22A1	9606	0.515	0	0	0	0.153	0.075	0	0.431
9606.ENSP00000301141	9606.ENSP00000478255	CYP2A6	ABCB1	9606	0.544	0	0	0	0	0.066	0	0.532
9606.ENSP00000301141	9606.ENSP00000381607	CYP2A6	GSTP1	9606	0.8	0	0	0	0.092	0.046	0.65	0.42
9606.ENSP00000301141	9606.ENSP00000342007	CYP2A6	CYP1A2	9606	0.956	0	0	0.154	0.298	0	0.913	0.255
9606.ENSP00000302846	9606.ENSP00000501150	PTGER4	PIK3CB	9606	0.429	0	0	0	0	0	0	0.429
9606.ENSP00000302846	9606.ENSP00000363089	PTGER4	TLR4	9606	0.442	0	0	0	0.127	0	0	0.388
9606.ENSP00000302846	9606.ENSP00000366563	PTGER4	PIK3CD	9606	0.45	0	0	0	0.075	0	0	0.43
9606.ENSP00000302846	9606.ENSP00000419260	PTGER4	PIK3CG	9606	0.464	0	0	0	0.089	0	0	0.436
9606.ENSP00000302846	9606.ENSP00000329357	PTGER4	SP1	9606	0.514	0	0	0	0	0.456	0	0.145
9606.ENSP00000309572	9606.ENSP00000371067	TERT	JAK2	9606	0.422	0	0	0	0	0	0	0.422
9606.ENSP00000309572	9606.ENSP00000311032	TERT	CASP3	9606	0.464	0	0	0	0	0	0	0.464
9606.ENSP00000309572	9606.ENSP00000393312	TERT	FGFR1	9606	0.515	0	0	0	0	0	0	0.515
9606.ENSP00000309572	9606.ENSP00000381185	TERT	BCL2	9606	0.562	0	0	0	0	0	0	0.562
9606.ENSP00000309572	9606.ENSP00000355759	TERT	PARP1	9606	0.565	0	0	0	0.12	0	0	0.526
9606.ENSP00000309572	9606.ENSP00000366563	TERT	PIK3CD	9606	0.577	0	0	0	0.057	0	0	0.57
9606.ENSP00000309572	9606.ENSP00000501150	TERT	PIK3CB	9606	0.577	0	0	0	0.057	0	0	0.57
9606.ENSP00000309572	9606.ENSP00000419260	TERT	PIK3CG	9606	0.58	0	0	0	0.065	0	0	0.57
9606.ENSP00000309572	9606.ENSP00000408695	TERT	PRKCA	9606	0.59	0	0	0	0.061	0.457	0	0.262
9606.ENSP00000309572	9606.ENSP00000362649	TERT	HDAC1	9606	0.77	0	0	0	0	0.27	0.5	0.421
9606.ENSP00000309572	9606.ENSP00000390265	TERT	IDH1	9606	0.772	0	0	0	0	0	0	0.772
9606.ENSP00000309572	9606.ENSP00000329357	TERT	SP1	9606	0.777	0	0	0	0	0.608	0	0.456
9606.ENSP00000309572	9606.ENSP00000335153	TERT	HSP90AA1	9606	0.999	0	0	0	0	0.999	0	0.557
9606.ENSP00000311032	9606.ENSP00000353874	CASP3	TLR9	9606	0.4	0	0	0	0	0	0	0.4
9606.ENSP00000311032	9606.ENSP00000440045	CASP3	ATP2A2	9606	0.404	0	0	0	0.05	0.064	0	0.384
9606.ENSP00000311032	9606.ENSP00000360683	CASP3	PTPN1	9606	0.406	0	0	0	0.082	0	0	0.38
9606.ENSP00000311032	9606.ENSP00000393312	CASP3	FGFR1	9606	0.411	0	0	0	0	0	0	0.411
9606.ENSP00000311032	9606.ENSP00000390265	CASP3	IDH1	9606	0.412	0	0	0	0.075	0.099	0	0.352
9606.ENSP00000311032	9606.ENSP00000430950	CASP3	IDO1	9606	0.418	0	0	0	0.095	0	0	0.384
9606.ENSP00000311032	9606.ENSP00000367608	CASP3	CA9	9606	0.44	0	0	0	0.047	0	0	0.437
9606.ENSP00000311032	9606.ENSP00000466090	CASP3	ELANE	9606	0.506	0	0	0	0	0	0	0.506
9606.ENSP00000311032	9606.ENSP00000499900	CASP3	JAK1	9606	0.514	0	0	0	0.088	0	0	0.489
9606.ENSP00000311032	9606.ENSP00000385523	CASP3	PPARA	9606	0.53	0	0	0	0	0	0	0.53
9606.ENSP00000311032	9606.ENSP00000362649	CASP3	HDAC1	9606	0.531	0	0	0	0.069	0	0	0.517
9606.ENSP00000311032	9606.ENSP00000478255	CASP3	ABCB1	9606	0.554	0	0	0	0.048	0.05	0	0.547
9606.ENSP00000311032	9606.ENSP00000340691	CASP3	EIF4EBP1	9606	0.57	0	0	0	0	0	0	0.57
9606.ENSP00000311032	9606.ENSP00000449089	CASP3	DNM1L	9606	0.628	0	0	0	0.084	0.105	0	0.583
9606.ENSP00000311032	9606.ENSP00000329357	CASP3	SP1	9606	0.665	0	0	0	0.055	0.457	0	0.4
9606.ENSP00000311032	9606.ENSP00000371067	CASP3	JAK2	9606	0.692	0	0	0	0.17	0	0	0.645
9606.ENSP00000311032	9606.ENSP00000363089	CASP3	TLR4	9606	0.742	0	0	0	0.061	0	0	0.737
9606.ENSP00000311032	9606.ENSP00000335153	CASP3	HSP90AA1	9606	0.781	0	0	0	0.071	0.071	0	0.767
9606.ENSP00000311032	9606.ENSP00000361405	CASP3	MMP9	9606	0.792	0	0	0	0.055	0	0	0.789
9606.ENSP00000311032	9606.ENSP00000366563	CASP3	PIK3CD	9606	0.859	0	0	0	0	0.063	0	0.856
9606.ENSP00000311032	9606.ENSP00000501150	CASP3	PIK3CB	9606	0.859	0	0	0	0	0.063	0	0.856
9606.ENSP00000311032	9606.ENSP00000419260	CASP3	PIK3CG	9606	0.862	0	0	0	0.063	0.063	0	0.856
9606.ENSP00000311032	9606.ENSP00000331602	CASP3	PRKCD	9606	0.882	0	0	0	0.066	0	0.75	0.538
9606.ENSP00000311032	9606.ENSP00000408695	CASP3	PRKCA	9606	0.947	0	0	0	0.086	0	0.9	0.472
9606.ENSP00000311032	9606.ENSP00000433138	CASP3	CASP1	9606	0.951	0	0	0	0.075	0	0.9	0.52
9606.ENSP00000311032	9606.ENSP00000358327	CASP3	CASP7	9606	0.977	0	0	0.069	0.191	0.654	0.9	0.258
9606.ENSP00000311032	9606.ENSP00000498466	CASP3	FAS	9606	0.984	0	0	0	0.075	0	0.9	0.848
9606.ENSP00000311032	9606.ENSP00000381185	CASP3	BCL2	9606	0.986	0	0	0	0.075	0.457	0	0.975
9606.ENSP00000311032	9606.ENSP00000330237	CASP3	CASP9	9606	0.999	0	0	0	0.064	0.999	0.9	0.893
9606.ENSP00000311032	9606.ENSP00000355759	CASP3	PARP1	9606	0.999	0	0	0	0.068	0.999	0.9	0.94
9606.ENSP00000329357	9606.ENSP00000366563	SP1	PIK3CD	9606	0.503	0	0	0	0.062	0	0	0.492
9606.ENSP00000329357	9606.ENSP00000419260	SP1	PIK3CG	9606	0.51	0	0	0	0.075	0	0	0.492
9606.ENSP00000329357	9606.ENSP00000501150	SP1	PIK3CB	9606	0.512	0	0	0	0.079	0	0	0.492
9606.ENSP00000329357	9606.ENSP00000358327	SP1	CASP7	9606	0.536	0	0	0	0.075	0.457	0	0.152
9606.ENSP00000329357	9606.ENSP00000367608	SP1	CA9	9606	0.546	0	0	0	0	0.27	0	0.404
9606.ENSP00000329357	9606.ENSP00000478255	SP1	ABCB1	9606	0.546	0	0	0	0	0.456	0	0.201
9606.ENSP00000329357	9606.ENSP00000381185	SP1	BCL2	9606	0.574	0	0	0	0	0.27	0	0.441
9606.ENSP00000329357	9606.ENSP00000440045	SP1	ATP2A2	9606	0.579	0	0	0	0.069	0.273	0	0.429
9606.ENSP00000329357	9606.ENSP00000498466	SP1	FAS	9606	0.622	0	0	0	0.06	0.567	0	0.146
9606.ENSP00000329357	9606.ENSP00000355759	SP1	PARP1	9606	0.648	0	0	0	0.072	0.459	0	0.357
9606.ENSP00000329357	9606.ENSP00000361405	SP1	MMP9	9606	0.727	0	0	0	0	0.524	0	0.45
9606.ENSP00000329357	9606.ENSP00000335153	SP1	HSP90AA1	9606	0.905	0	0	0	0.075	0.869	0	0.282
9606.ENSP00000329357	9606.ENSP00000331602	SP1	PRKCD	9606	0.927	0	0	0	0.076	0.918	0	0.123
9606.ENSP00000329357	9606.ENSP00000362649	SP1	HDAC1	9606	0.999	0	0	0	0.091	0.999	0	0.454
9606.ENSP00000330237	9606.ENSP00000478255	CASP9	ABCB1	9606	0.41	0	0	0	0	0.05	0	0.405
9606.ENSP00000330237	9606.ENSP00000360683	CASP9	PTPN1	9606	0.467	0	0	0	0.079	0	0	0.446
9606.ENSP00000330237	9606.ENSP00000371067	CASP9	JAK2	9606	0.498	0	0	0	0.098	0	0	0.467
9606.ENSP00000330237	9606.ENSP00000335153	CASP9	HSP90AA1	9606	0.513	0	0	0	0	0.066	0	0.5
9606.ENSP00000330237	9606.ENSP00000449089	CASP9	DNM1L	9606	0.514	0	0	0	0.057	0.078	0	0.486
9606.ENSP00000330237	9606.ENSP00000363089	CASP9	TLR4	9606	0.602	0	0	0	0	0	0	0.602
9606.ENSP00000330237	9606.ENSP00000361405	CASP9	MMP9	9606	0.657	0	0	0	0	0	0	0.657
9606.ENSP00000330237	9606.ENSP00000366563	CASP9	PIK3CD	9606	0.725	0	0	0	0	0.062	0	0.719
9606.ENSP00000330237	9606.ENSP00000419260	CASP9	PIK3CG	9606	0.725	0	0	0	0	0.062	0	0.719
9606.ENSP00000330237	9606.ENSP00000501150	CASP9	PIK3CB	9606	0.734	0	0	0	0.075	0.062	0	0.719
9606.ENSP00000330237	9606.ENSP00000498466	CASP9	FAS	9606	0.775	0	0	0	0	0	0	0.775
9606.ENSP00000330237	9606.ENSP00000381185	CASP9	BCL2	9606	0.935	0	0	0	0.064	0	0	0.934
9606.ENSP00000330237	9606.ENSP00000355759	CASP9	PARP1	9606	0.99	0	0	0	0.064	0	0.9	0.904
9606.ENSP00000330237	9606.ENSP00000358327	CASP9	CASP7	9606	0.99	0	0	0	0.075	0.457	0.9	0.825
9606.ENSP00000331602	9606.ENSP00000385523	PRKCD	PPARA	9606	0.411	0	0	0	0.055	0	0	0.403
9606.ENSP00000331602	9606.ENSP00000419260	PRKCD	PIK3CG	9606	0.422	0	0	0	0.077	0	0	0.4
9606.ENSP00000331602	9606.ENSP00000360683	PRKCD	PTPN1	9606	0.423	0	0	0	0.095	0.28	0	0.186
9606.ENSP00000331602	9606.ENSP00000355759	PRKCD	PARP1	9606	0.443	0	0	0	0.064	0.28	0	0.24
9606.ENSP00000331602	9606.ENSP00000449089	PRKCD	DNM1L	9606	0.449	0	0	0	0.075	0.283	0	0.237
9606.ENSP00000331602	9606.ENSP00000499900	PRKCD	JAK1	9606	0.464	0	0	0	0.075	0	0.4	0.112
9606.ENSP00000331602	9606.ENSP00000371067	PRKCD	JAK2	9606	0.497	0	0	0	0.085	0	0.4	0.158
9606.ENSP00000331602	9606.ENSP00000335153	PRKCD	HSP90AA1	9606	0.598	0	0	0	0	0.469	0	0.274
9606.ENSP00000331602	9606.ENSP00000366563	PRKCD	PIK3CD	9606	0.941	0	0	0	0.096	0	0.9	0.4
9606.ENSP00000331602	9606.ENSP00000501150	PRKCD	PIK3CB	9606	0.965	0	0	0	0.077	0.457	0.9	0.4
9606.ENSP00000331602	9606.ENSP00000408695	PRKCD	PRKCA	9606	0.998	0	0	0.063	0.076	0.988	0.9	0.134
9606.ENSP00000335153	9606.ENSP00000449089	HSP90AA1	DNM1L	9606	0.402	0	0	0	0.096	0.09	0	0.332
9606.ENSP00000335153	9606.ENSP00000433138	HSP90AA1	CASP1	9606	0.426	0	0	0	0	0.044	0	0.425
9606.ENSP00000335153	9606.ENSP00000499900	HSP90AA1	JAK1	9606	0.446	0	0	0	0.075	0.134	0	0.365
9606.ENSP00000335153	9606.ENSP00000489597	HSP90AA1	PTPN11	9606	0.475	0	0	0	0.087	0.241	0	0.304
9606.ENSP00000335153	9606.ENSP00000381607	HSP90AA1	GSTP1	9606	0.479	0	0	0	0.199	0.108	0	0.33
9606.ENSP00000335153	9606.ENSP00000361405	HSP90AA1	MMP9	9606	0.516	0	0	0	0	0	0	0.516
9606.ENSP00000335153	9606.ENSP00000363089	HSP90AA1	TLR4	9606	0.559	0	0	0	0	0.046	0	0.557
9606.ENSP00000335153	9606.ENSP00000477781	HSP90AA1	TPT1	9606	0.628	0	0	0	0.49	0.101	0	0.255
9606.ENSP00000335153	9606.ENSP00000355759	HSP90AA1	PARP1	9606	0.643	0	0	0	0.132	0	0	0.606
9606.ENSP00000335153	9606.ENSP00000362649	HSP90AA1	HDAC1	9606	0.645	0	0	0	0.096	0.152	0	0.575
9606.ENSP00000335153	9606.ENSP00000366563	HSP90AA1	PIK3CD	9606	0.677	0	0	0	0	0	0	0.677
9606.ENSP00000335153	9606.ENSP00000419260	HSP90AA1	PIK3CG	9606	0.678	0	0	0	0	0	0	0.678
9606.ENSP00000335153	9606.ENSP00000501150	HSP90AA1	PIK3CB	9606	0.684	0	0	0	0.064	0	0	0.677
9606.ENSP00000335153	9606.ENSP00000371067	HSP90AA1	JAK2	9606	0.712	0	0	0	0	0.473	0	0.477
9606.ENSP00000335153	9606.ENSP00000390265	HSP90AA1	IDH1	9606	0.752	0	0	0	0.075	0.622	0	0.348
9606.ENSP00000335153	9606.ENSP00000393312	HSP90AA1	FGFR1	9606	0.801	0	0	0	0.047	0.724	0	0.305
9606.ENSP00000335153	9606.ENSP00000385523	HSP90AA1	PPARA	9606	0.855	0	0	0	0.055	0.786	0	0.344
9606.ENSP00000335153	9606.ENSP00000381185	HSP90AA1	BCL2	9606	0.928	0	0	0	0	0.802	0	0.654
9606.ENSP00000340691	9606.ENSP00000381185	EIF4EBP1	BCL2	9606	0.547	0	0	0	0	0	0	0.547
9606.ENSP00000340691	9606.ENSP00000355759	EIF4EBP1	PARP1	9606	0.563	0	0	0	0.075	0	0	0.547
9606.ENSP00000340691	9606.ENSP00000408695	EIF4EBP1	PRKCA	9606	0.713	0	0	0	0	0.459	0	0.492
9606.ENSP00000340691	9606.ENSP00000366563	EIF4EBP1	PIK3CD	9606	0.837	0	0	0	0	0	0	0.837
9606.ENSP00000340691	9606.ENSP00000501150	EIF4EBP1	PIK3CB	9606	0.837	0	0	0	0	0	0	0.837
9606.ENSP00000340691	9606.ENSP00000419260	EIF4EBP1	PIK3CG	9606	0.855	0	0	0	0	0	0	0.855
9606.ENSP00000342007	9606.ENSP00000385523	CYP1A2	PPARA	9606	0.433	0	0	0	0	0	0	0.433
9606.ENSP00000342007	9606.ENSP00000447149	CYP1A2	NR1H4	9606	0.452	0	0	0	0.16	0	0	0.375
9606.ENSP00000342007	9606.ENSP00000355930	CYP1A2	SLC22A1	9606	0.61	0	0	0	0.271	0.063	0	0.475
9606.ENSP00000342007	9606.ENSP00000478255	CYP1A2	ABCB1	9606	0.669	0	0	0	0.061	0.066	0	0.653
9606.ENSP00000342007	9606.ENSP00000369927	CYP1A2	AKR1C3	9606	0.921	0	0	0	0.079	0.044	0.9	0.214
9606.ENSP00000342007	9606.ENSP00000430950	CYP1A2	IDO1	9606	0.929	0	0	0	0.135	0	0.9	0.253
9606.ENSP00000342007	9606.ENSP00000381607	CYP1A2	GSTP1	9606	0.955	0	0	0	0.092	0.046	0.9	0.547
9606.ENSP00000353874	9606.ENSP00000498466	TLR9	FAS	9606	0.412	0	0	0	0.056	0	0	0.403
9606.ENSP00000353874	9606.ENSP00000362649	TLR9	HDAC1	9606	0.445	0	0	0	0	0.085	0	0.419
9606.ENSP00000353874	9606.ENSP00000499900	TLR9	JAK1	9606	0.446	0	0	0	0	0.068	0	0.43
9606.ENSP00000353874	9606.ENSP00000440045	TLR9	ATP2A2	9606	0.451	0	0	0	0	0.206	0	0.338
9606.ENSP00000353874	9606.ENSP00000361405	TLR9	MMP9	9606	0.454	0	0	0	0.074	0	0	0.435
9606.ENSP00000353874	9606.ENSP00000381185	TLR9	BCL2	9606	0.455	0	0	0	0.075	0	0	0.435
9606.ENSP00000353874	9606.ENSP00000466090	TLR9	ELANE	9606	0.456	0	0	0	0.075	0.044	0	0.435
9606.ENSP00000353874	9606.ENSP00000366563	TLR9	PIK3CD	9606	0.523	0	0	0	0.075	0.072	0	0.49
9606.ENSP00000353874	9606.ENSP00000393312	TLR9	FGFR1	9606	0.53	0	0	0	0	0	0.5	0.099
9606.ENSP00000353874	9606.ENSP00000419260	TLR9	PIK3CG	9606	0.532	0	0	0	0.087	0.072	0	0.492
9606.ENSP00000353874	9606.ENSP00000430950	TLR9	IDO1	9606	0.569	0	0	0	0	0	0	0.569
9606.ENSP00000353874	9606.ENSP00000489597	TLR9	PTPN11	9606	0.622	0	0	0	0.061	0	0.5	0.26
9606.ENSP00000353874	9606.ENSP00000501150	TLR9	PIK3CB	9606	0.732	0	0	0	0	0.072	0.5	0.47
9606.ENSP00000353874	9606.ENSP00000433138	TLR9	CASP1	9606	0.76	0	0	0	0.075	0	0	0.752
9606.ENSP00000353874	9606.ENSP00000363089	TLR9	TLR4	9606	0.97	0	0	0	0.075	0.476	0.9	0.458
9606.ENSP00000355759	9606.ENSP00000499900	PARP1	JAK1	9606	0.417	0	0	0	0.062	0.07	0	0.386
9606.ENSP00000355759	9606.ENSP00000363089	PARP1	TLR4	9606	0.428	0	0	0	0.077	0.071	0	0.387
9606.ENSP00000355759	9606.ENSP00000498466	PARP1	FAS	9606	0.44	0	0	0	0	0	0	0.44
9606.ENSP00000355759	9606.ENSP00000390265	PARP1	IDH1	9606	0.483	0	0	0	0.075	0	0	0.464
9606.ENSP00000355759	9606.ENSP00000371067	PARP1	JAK2	9606	0.509	0	0	0	0	0.07	0	0.494
9606.ENSP00000355759	9606.ENSP00000478255	PARP1	ABCB1	9606	0.511	0	0	0	0	0	0	0.511
9606.ENSP00000355759	9606.ENSP00000361405	PARP1	MMP9	9606	0.566	0	0	0	0	0.069	0	0.553
9606.ENSP00000355759	9606.ENSP00000433138	PARP1	CASP1	9606	0.712	0	0	0	0	0.457	0	0.492
9606.ENSP00000355759	9606.ENSP00000366563	PARP1	PIK3CD	9606	0.742	0	0	0	0.047	0	0	0.741
9606.ENSP00000355759	9606.ENSP00000501150	PARP1	PIK3CB	9606	0.747	0	0	0	0.064	0	0	0.741
9606.ENSP00000355759	9606.ENSP00000419260	PARP1	PIK3CG	9606	0.752	0	0	0	0.083	0	0	0.741
9606.ENSP00000355759	9606.ENSP00000381185	PARP1	BCL2	9606	0.927	0	0	0	0.121	0.456	0	0.86
9606.ENSP00000355759	9606.ENSP00000362649	PARP1	HDAC1	9606	0.967	0	0	0	0.108	0.933	0	0.504
9606.ENSP00000355759	9606.ENSP00000358327	PARP1	CASP7	9606	0.999	0	0	0	0.061	0.956	0.9	0.813
9606.ENSP00000355930	9606.ENSP00000478255	SLC22A1	ABCB1	9606	0.721	0	0	0	0.054	0.062	0	0.711
9606.ENSP00000356155	9606.ENSP00000419260	PIK3C2B	PIK3CG	9606	0.52	0	0	0	0	0.063	0.4	0.215
9606.ENSP00000356155	9606.ENSP00000366563	PIK3C2B	PIK3CD	9606	0.542	0	0	0	0.075	0.07	0.4	0.219
9606.ENSP00000356155	9606.ENSP00000501150	PIK3C2B	PIK3CB	9606	0.545	0	0	0	0.075	0.066	0.4	0.226
9606.ENSP00000358327	9606.ENSP00000498466	CASP7	FAS	9606	0.498	0	0	0	0.095	0	0	0.469
9606.ENSP00000358327	9606.ENSP00000366563	CASP7	PIK3CD	9606	0.504	0	0	0	0	0.063	0	0.493
9606.ENSP00000358327	9606.ENSP00000419260	CASP7	PIK3CG	9606	0.505	0	0	0	0	0.063	0	0.494
9606.ENSP00000358327	9606.ENSP00000501150	CASP7	PIK3CB	9606	0.522	0	0	0	0.075	0.063	0	0.493
9606.ENSP00000358327	9606.ENSP00000381185	CASP7	BCL2	9606	0.79	0	0	0	0	0	0	0.79
9606.ENSP00000358327	9606.ENSP00000433138	CASP7	CASP1	9606	0.948	0	0	0	0.094	0	0.9	0.476
9606.ENSP00000360683	9606.ENSP00000385523	PTPN1	PPARA	9606	0.42	0	0	0	0	0	0	0.42
9606.ENSP00000360683	9606.ENSP00000366563	PTPN1	PIK3CD	9606	0.524	0	0	0	0.062	0.069	0	0.499
9606.ENSP00000360683	9606.ENSP00000419260	PTPN1	PIK3CG	9606	0.531	0	0	0	0.042	0.069	0	0.517
9606.ENSP00000360683	9606.ENSP00000501150	PTPN1	PIK3CB	9606	0.536	0	0	0	0.067	0.069	0	0.509
9606.ENSP00000360683	9606.ENSP00000408695	PTPN1	PRKCA	9606	0.616	0	0	0	0.065	0.457	0	0.306
9606.ENSP00000360683	9606.ENSP00000499900	PTPN1	JAK1	9606	0.639	0	0	0	0.135	0	0.4	0.361
9606.ENSP00000360683	9606.ENSP00000393312	PTPN1	FGFR1	9606	0.842	0	0	0	0.06	0.807	0	0.203
9606.ENSP00000360683	9606.ENSP00000489597	PTPN1	PTPN11	9606	0.959	0	0	0	0.096	0.481	0.9	0.246
9606.ENSP00000360683	9606.ENSP00000371067	PTPN1	JAK2	9606	0.997	0	0	0	0.082	0.976	0.5	0.775
9606.ENSP00000361405	9606.ENSP00000478255	MMP9	ABCB1	9606	0.424	0	0	0	0	0	0	0.424
9606.ENSP00000361405	9606.ENSP00000367608	MMP9	CA9	9606	0.435	0	0	0	0	0	0	0.435
9606.ENSP00000361405	9606.ENSP00000408695	MMP9	PRKCA	9606	0.452	0	0	0	0.064	0	0	0.439
9606.ENSP00000361405	9606.ENSP00000367668	MMP9	MMEL1	9606	0.468	0	0	0	0	0	0	0.468
9606.ENSP00000361405	9606.ENSP00000418525	MMP9	MME	9606	0.481	0	0	0	0.075	0	0	0.462
9606.ENSP00000361405	9606.ENSP00000499900	MMP9	JAK1	9606	0.484	0	0	0	0.12	0	0	0.438
9606.ENSP00000361405	9606.ENSP00000430950	MMP9	IDO1	9606	0.513	0	0	0	0.099	0	0	0.482
9606.ENSP00000361405	9606.ENSP00000433138	MMP9	CASP1	9606	0.572	0	0	0	0.094	0	0	0.547
9606.ENSP00000361405	9606.ENSP00000385523	MMP9	PPARA	9606	0.597	0	0	0	0	0.26	0	0.478
9606.ENSP00000361405	9606.ENSP00000362649	MMP9	HDAC1	9606	0.599	0	0	0	0	0.26	0	0.481
9606.ENSP00000361405	9606.ENSP00000371067	MMP9	JAK2	9606	0.606	0	0	0	0.078	0	0	0.591
9606.ENSP00000361405	9606.ENSP00000363089	MMP9	TLR4	9606	0.758	0	0	0	0.137	0	0	0.732
9606.ENSP00000361405	9606.ENSP00000501150	MMP9	PIK3CB	9606	0.762	0	0	0	0	0	0	0.762
9606.ENSP00000361405	9606.ENSP00000466090	MMP9	ELANE	9606	0.767	0	0	0	0.211	0	0	0.717
9606.ENSP00000361405	9606.ENSP00000366563	MMP9	PIK3CD	9606	0.772	0	0	0	0.085	0	0	0.762
9606.ENSP00000361405	9606.ENSP00000419260	MMP9	PIK3CG	9606	0.773	0	0	0	0.075	0	0	0.765
9606.ENSP00000361405	9606.ENSP00000381185	MMP9	BCL2	9606	0.792	0	0	0	0	0	0	0.792
9606.ENSP00000362649	9606.ENSP00000419260	HDAC1	PIK3CG	9606	0.51	0	0	0	0	0.066	0	0.497
9606.ENSP00000362649	9606.ENSP00000501150	HDAC1	PIK3CB	9606	0.521	0	0	0	0.064	0.066	0	0.497
9606.ENSP00000362649	9606.ENSP00000366563	HDAC1	PIK3CD	9606	0.524	0	0	0	0.069	0.066	0	0.497
9606.ENSP00000362649	9606.ENSP00000478255	HDAC1	ABCB1	9606	0.583	0	0	0	0.058	0.431	0	0.286
9606.ENSP00000362649	9606.ENSP00000385523	HDAC1	PPARA	9606	0.686	0	0	0	0	0	0.5	0.399
9606.ENSP00000362649	9606.ENSP00000381185	HDAC1	BCL2	9606	0.707	0	0	0	0	0	0.4	0.532
9606.ENSP00000363089	9606.ENSP00000408695	TLR4	PRKCA	9606	0.458	0	0	0	0	0	0	0.458
9606.ENSP00000363089	9606.ENSP00000498466	TLR4	FAS	9606	0.494	0	0	0	0.186	0	0	0.405
9606.ENSP00000363089	9606.ENSP00000499900	TLR4	JAK1	9606	0.546	0	0	0	0.1	0.068	0	0.503
9606.ENSP00000363089	9606.ENSP00000447149	TLR4	NR1H4	9606	0.557	0	0	0	0	0	0	0.557
9606.ENSP00000363089	9606.ENSP00000385523	TLR4	PPARA	9606	0.589	0	0	0	0.062	0	0	0.58
9606.ENSP00000363089	9606.ENSP00000466090	TLR4	ELANE	9606	0.597	0	0	0	0.075	0.044	0	0.581
9606.ENSP00000363089	9606.ENSP00000430950	TLR4	IDO1	9606	0.604	0	0	0	0.065	0	0	0.594
9606.ENSP00000363089	9606.ENSP00000489597	TLR4	PTPN11	9606	0.613	0	0	0	0.091	0	0.4	0.348
9606.ENSP00000363089	9606.ENSP00000371067	TLR4	JAK2	9606	0.657	0	0	0	0.156	0.068	0	0.599
9606.ENSP00000363089	9606.ENSP00000381185	TLR4	BCL2	9606	0.693	0	0	0	0.067	0	0	0.685
9606.ENSP00000363089	9606.ENSP00000419260	TLR4	PIK3CG	9606	0.823	0	0	0	0.117	0.074	0	0.802
9606.ENSP00000363089	9606.ENSP00000433138	TLR4	CASP1	9606	0.898	0	0	0	0.19	0	0	0.88
9606.ENSP00000363089	9606.ENSP00000501150	TLR4	PIK3CB	9606	0.973	0	0	0	0.09	0.077	0.9	0.718
9606.ENSP00000363089	9606.ENSP00000366563	TLR4	PIK3CD	9606	0.974	0	0	0	0.106	0.102	0.9	0.718
9606.ENSP00000366563	9606.ENSP00000466090	PIK3CD	ELANE	9606	0.401	0	0	0	0.061	0	0	0.389
9606.ENSP00000366563	9606.ENSP00000367608	PIK3CD	CA9	9606	0.424	0	0	0	0	0	0	0.424
9606.ENSP00000366563	9606.ENSP00000492001	PIK3CD	PFKFB3	9606	0.46	0	0	0	0.069	0	0	0.444
9606.ENSP00000366563	9606.ENSP00000498466	PIK3CD	FAS	9606	0.466	0	0	0	0.075	0	0	0.447
9606.ENSP00000366563	9606.ENSP00000430950	PIK3CD	IDO1	9606	0.549	0	0	0	0.047	0	0	0.547
9606.ENSP00000366563	9606.ENSP00000390265	PIK3CD	IDH1	9606	0.57	0	0	0	0	0	0	0.57
9606.ENSP00000366563	9606.ENSP00000385523	PIK3CD	PPARA	9606	0.572	0	0	0	0.047	0	0	0.57
9606.ENSP00000366563	9606.ENSP00000478255	PIK3CD	ABCB1	9606	0.58	0	0	0	0	0	0	0.58
9606.ENSP00000366563	9606.ENSP00000433138	PIK3CD	CASP1	9606	0.59	0	0	0	0.086	0.049	0	0.567
9606.ENSP00000366563	9606.ENSP00000408695	PIK3CD	PRKCA	9606	0.615	0	0	0	0.069	0	0	0.604
9606.ENSP00000366563	9606.ENSP00000381185	PIK3CD	BCL2	9606	0.884	0	0	0	0.075	0	0	0.88
9606.ENSP00000366563	9606.ENSP00000393312	PIK3CD	FGFR1	9606	0.96	0	0	0	0	0	0.9	0.622
9606.ENSP00000366563	9606.ENSP00000499900	PIK3CD	JAK1	9606	0.965	0	0	0	0.094	0	0.9	0.646
9606.ENSP00000366563	9606.ENSP00000489597	PIK3CD	PTPN11	9606	0.966	0	0	0	0.043	0	0.9	0.678
9606.ENSP00000366563	9606.ENSP00000501150	PIK3CD	PIK3CB	9606	0.969	0	0	0.06	0.101	0	0.9	0.685
9606.ENSP00000366563	9606.ENSP00000419260	PIK3CD	PIK3CG	9606	0.97	0	0	0	0.2	0.459	0.9	0.4
9606.ENSP00000366563	9606.ENSP00000371067	PIK3CD	JAK2	9606	0.983	0	0	0	0.118	0	0.9	0.833
9606.ENSP00000367608	9606.ENSP00000381185	CA9	BCL2	9606	0.4	0	0	0	0	0	0	0.4
9606.ENSP00000367608	9606.ENSP00000501150	CA9	PIK3CB	9606	0.424	0	0	0	0	0	0	0.424
9606.ENSP00000367608	9606.ENSP00000419260	CA9	PIK3CG	9606	0.428	0	0	0	0	0	0	0.428
9606.ENSP00000367608	9606.ENSP00000418525	CA9	MME	9606	0.606	0	0	0	0	0	0	0.606
9606.ENSP00000371067	9606.ENSP00000408695	JAK2	PRKCA	9606	0.411	0	0	0	0.068	0.282	0	0.191
9606.ENSP00000371067	9606.ENSP00000430950	JAK2	IDO1	9606	0.471	0	0	0	0.093	0	0	0.441
9606.ENSP00000371067	9606.ENSP00000433138	JAK2	CASP1	9606	0.521	0	0	0	0.176	0	0	0.443
9606.ENSP00000371067	9606.ENSP00000393312	JAK2	FGFR1	9606	0.575	0	0	0	0	0.457	0	0.25
9606.ENSP00000371067	9606.ENSP00000390265	JAK2	IDH1	9606	0.683	0	0	0	0.063	0	0	0.676
9606.ENSP00000371067	9606.ENSP00000381185	JAK2	BCL2	9606	0.729	0	0	0	0.088	0	0	0.716
9606.ENSP00000371067	9606.ENSP00000419260	JAK2	PIK3CG	9606	0.921	0	0	0	0.1	0	0.5	0.84
9606.ENSP00000371067	9606.ENSP00000501150	JAK2	PIK3CB	9606	0.983	0	0	0	0.094	0	0.9	0.833
9606.ENSP00000371067	9606.ENSP00000499900	JAK2	JAK1	9606	0.994	0	0	0	0.146	0.802	0.9	0.712
9606.ENSP00000371067	9606.ENSP00000489597	JAK2	PTPN11	9606	0.999	0	0	0	0.066	0.976	0.9	0.718
9606.ENSP00000381185	9606.ENSP00000381607	BCL2	GSTP1	9606	0.425	0	0	0	0	0	0	0.425
9606.ENSP00000381185	9606.ENSP00000430950	BCL2	IDO1	9606	0.43	0	0	0	0.057	0	0	0.421
9606.ENSP00000381185	9606.ENSP00000393312	BCL2	FGFR1	9606	0.435	0	0	0	0	0	0	0.435
9606.ENSP00000381185	9606.ENSP00000489597	BCL2	PTPN11	9606	0.449	0	0	0	0.055	0	0	0.441
9606.ENSP00000381185	9606.ENSP00000390265	BCL2	IDH1	9606	0.546	0	0	0	0.063	0	0	0.536
9606.ENSP00000381185	9606.ENSP00000449089	BCL2	DNM1L	9606	0.585	0	0	0	0	0.077	0	0.569
9606.ENSP00000381185	9606.ENSP00000499900	BCL2	JAK1	9606	0.606	0	0	0	0.106	0	0	0.578
9606.ENSP00000381185	9606.ENSP00000478255	BCL2	ABCB1	9606	0.648	0	0	0	0.044	0.108	0	0.621
9606.ENSP00000381185	9606.ENSP00000408695	BCL2	PRKCA	9606	0.654	0	0	0	0	0.309	0	0.52
9606.ENSP00000381185	9606.ENSP00000498466	BCL2	FAS	9606	0.726	0	0	0	0.077	0	0	0.716
9606.ENSP00000381185	9606.ENSP00000385523	BCL2	PPARA	9606	0.728	0	0	0	0	0.459	0	0.518
9606.ENSP00000381185	9606.ENSP00000418525	BCL2	MME	9606	0.773	0	0	0	0.044	0	0	0.773
9606.ENSP00000381185	9606.ENSP00000433138	BCL2	CASP1	9606	0.804	0	0	0	0.075	0	0	0.797
9606.ENSP00000381185	9606.ENSP00000419260	BCL2	PIK3CG	9606	0.884	0	0	0	0.076	0	0	0.88
9606.ENSP00000381185	9606.ENSP00000501150	BCL2	PIK3CB	9606	0.884	0	0	0	0.075	0	0	0.88
9606.ENSP00000381607	9606.ENSP00000478255	GSTP1	ABCB1	9606	0.56	0	0	0	0.063	0	0	0.55
9606.ENSP00000385523	9606.ENSP00000433138	PPARA	CASP1	9606	0.407	0	0	0	0.068	0	0	0.39
9606.ENSP00000385523	9606.ENSP00000447149	PPARA	NR1H4	9606	0.443	0	0	0	0.065	0	0	0.429
9606.ENSP00000385523	9606.ENSP00000419260	PPARA	PIK3CG	9606	0.576	0	0	0	0.056	0	0	0.57
9606.ENSP00000385523	9606.ENSP00000501150	PPARA	PIK3CB	9606	0.586	0	0	0	0.078	0	0	0.57
9606.ENSP00000390265	9606.ENSP00000492001	IDH1	PFKFB3	9606	0.432	0	0	0	0	0	0	0.432
9606.ENSP00000390265	9606.ENSP00000419260	IDH1	PIK3CG	9606	0.57	0	0	0	0	0	0	0.57
9606.ENSP00000390265	9606.ENSP00000501150	IDH1	PIK3CB	9606	0.587	0	0	0	0.08	0	0	0.57
9606.ENSP00000390265	9606.ENSP00000393312	IDH1	FGFR1	9606	0.602	0	0	0	0	0	0	0.602
9606.ENSP00000390265	9606.ENSP00000489597	IDH1	PTPN11	9606	0.755	0	0	0	0.075	0.298	0	0.654
9606.ENSP00000393312	9606.ENSP00000419260	FGFR1	PIK3CG	9606	0.648	0	0	0	0	0	0	0.648
9606.ENSP00000393312	9606.ENSP00000489597	FGFR1	PTPN11	9606	0.851	0	0	0	0.058	0.448	0.4	0.58
9606.ENSP00000393312	9606.ENSP00000501150	FGFR1	PIK3CB	9606	0.962	0	0	0	0	0	0.9	0.637
9606.ENSP00000408695	9606.ENSP00000447149	PRKCA	NR1H4	9606	0.4	0	0	0	0.069	0.302	0	0.152
9606.ENSP00000408695	9606.ENSP00000478255	PRKCA	ABCB1	9606	0.444	0	0	0	0.053	0.283	0	0.247
9606.ENSP00000408695	9606.ENSP00000489597	PRKCA	PTPN11	9606	0.483	0	0	0	0.098	0.302	0	0.245
9606.ENSP00000408695	9606.ENSP00000499900	PRKCA	JAK1	9606	0.543	0	0	0	0.101	0.456	0	0.142
9606.ENSP00000408695	9606.ENSP00000501150	PRKCA	PIK3CB	9606	0.604	0	0	0	0	0	0	0.604
9606.ENSP00000408695	9606.ENSP00000419260	PRKCA	PIK3CG	9606	0.618	0	0	0	0.046	0	0	0.617
9606.ENSP00000408695	9606.ENSP00000498466	PRKCA	FAS	9606	0.669	0	0	0	0	0.618	0	0.17
9606.ENSP00000419260	9606.ENSP00000449089	PIK3CG	DNM1L	9606	0.403	0	0	0	0.058	0	0	0.393
9606.ENSP00000419260	9606.ENSP00000466090	PIK3CG	ELANE	9606	0.41	0	0	0	0.075	0	0	0.389
9606.ENSP00000419260	9606.ENSP00000492001	PIK3CG	PFKFB3	9606	0.451	0	0	0	0	0	0	0.451
9606.ENSP00000419260	9606.ENSP00000498466	PIK3CG	FAS	9606	0.459	0	0	0	0.072	0	0	0.441
9606.ENSP00000419260	9606.ENSP00000430950	PIK3CG	IDO1	9606	0.559	0	0	0	0.064	0	0	0.549
9606.ENSP00000419260	9606.ENSP00000478255	PIK3CG	ABCB1	9606	0.591	0	0	0	0.068	0	0	0.58
9606.ENSP00000419260	9606.ENSP00000433138	PIK3CG	CASP1	9606	0.617	0	0	0	0.143	0.049	0	0.568
9606.ENSP00000419260	9606.ENSP00000499900	PIK3CG	JAK1	9606	0.641	0	0	0	0.058	0	0	0.635
9606.ENSP00000419260	9606.ENSP00000489597	PIK3CG	PTPN11	9606	0.921	0	0	0	0.093	0.656	0	0.769
9606.ENSP00000419260	9606.ENSP00000501150	PIK3CG	PIK3CB	9606	0.95	0	0	0	0.075	0	0.9	0.506
9606.ENSP00000430950	9606.ENSP00000498466	IDO1	FAS	9606	0.411	0	0	0	0.133	0	0	0.349
9606.ENSP00000430950	9606.ENSP00000489597	IDO1	PTPN11	9606	0.438	0	0	0	0.08	0.124	0	0.359
9606.ENSP00000430950	9606.ENSP00000499900	IDO1	JAK1	9606	0.449	0	0	0	0.055	0	0	0.441
9606.ENSP00000430950	9606.ENSP00000433138	IDO1	CASP1	9606	0.48	0	0	0	0.196	0	0	0.38
9606.ENSP00000430950	9606.ENSP00000501150	IDO1	PIK3CB	9606	0.547	0	0	0	0	0	0	0.547
9606.ENSP00000433138	9606.ENSP00000499900	CASP1	JAK1	9606	0.418	0	0	0	0.075	0	0	0.397
9606.ENSP00000433138	9606.ENSP00000449089	CASP1	DNM1L	9606	0.442	0	0	0	0.057	0.071	0	0.415
9606.ENSP00000433138	9606.ENSP00000466090	CASP1	ELANE	9606	0.563	0	0	0	0.076	0	0	0.547
9606.ENSP00000433138	9606.ENSP00000501150	CASP1	PIK3CB	9606	0.569	0	0	0	0.075	0.049	0	0.55
9606.ENSP00000433138	9606.ENSP00000498466	CASP1	FAS	9606	0.722	0	0	0	0.223	0	0	0.658
9606.ENSP00000447149	9606.ENSP00000478255	NR1H4	ABCB1	9606	0.576	0	0	0	0.106	0	0	0.546
9606.ENSP00000449089	9606.ENSP00000501150	DNM1L	PIK3CB	9606	0.413	0	0	0	0.075	0	0	0.392
9606.ENSP00000478255	9606.ENSP00000501150	ABCB1	PIK3CB	9606	0.58	0	0	0	0	0	0	0.58
9606.ENSP00000489597	9606.ENSP00000501150	PTPN11	PIK3CB	9606	0.967	0	0	0	0.076	0	0.9	0.679
9606.ENSP00000489597	9606.ENSP00000499900	PTPN11	JAK1	9606	0.999	0	0	0	0.082	0.987	0.9	0.571
9606.ENSP00000492001	9606.ENSP00000501150	PFKFB3	PIK3CB	9606	0.461	0	0	0	0.071	0	0	0.444
9606.ENSP00000498466	9606.ENSP00000501150	FAS	PIK3CB	9606	0.441	0	0	0	0	0	0	0.441
9606.ENSP00000499900	9606.ENSP00000501150	JAK1	PIK3CB	9606	0.963	0	0	0	0.117	0	0.9	0.623
