#node1	node2	node1_string_id	node2_string_id	neighborhood_on_chromosome	gene_fusion	phylogenetic_cooccurrence	homology	coexpression	experimentally_determined_interaction	database_annotated	automated_textmining	combined_score
AIFM1	BCL2	9606.ENSP00000287295	9606.ENSP00000381185	0	0	0	0	0	0	0	0.485	0.485
AIFM1	CASP9	9606.ENSP00000287295	9606.ENSP00000330237	0	0	0	0	0.075	0	0	0.536	0.552
AIFM1	PARP1	9606.ENSP00000287295	9606.ENSP00000355759	0	0	0	0	0.125	0	0	0.580	0.616
AIFM1	CASP3	9606.ENSP00000287295	9606.ENSP00000311032	0	0	0	0	0.061	0	0	0.642	0.649
AIFM1	BAX	9606.ENSP00000287295	9606.ENSP00000293288	0	0	0	0	0.075	0.408	0.900	0.384	0.961
BAX	SP1	9606.ENSP00000293288	9606.ENSP00000329357	0	0	0	0	0.073	0.270	0	0.361	0.529
BAX	FAS	9606.ENSP00000293288	9606.ENSP00000498466	0	0	0	0	0.083	0	0	0.622	0.638
BAX	PARP1	9606.ENSP00000293288	9606.ENSP00000355759	0	0	0	0	0.071	0	0	0.800	0.806
BAX	CASP9	9606.ENSP00000293288	9606.ENSP00000330237	0	0	0	0	0.077	0.456	0	0.938	0.966
BAX	CASP3	9606.ENSP00000293288	9606.ENSP00000311032	0	0	0	0	0.088	0.456	0	0.970	0.983
BAX	BCL2	9606.ENSP00000293288	9606.ENSP00000381185	0	0	0	0.641	0.075	0.999	0.900	0.834	0.999
BCL2	CASP3	9606.ENSP00000381185	9606.ENSP00000311032	0	0	0	0	0.075	0.457	0	0.975	0.986
BCL2	SP1	9606.ENSP00000381185	9606.ENSP00000329357	0	0	0	0	0	0.270	0	0.441	0.574
BCL2	CASP9	9606.ENSP00000381185	9606.ENSP00000330237	0	0	0	0	0.064	0	0	0.934	0.935
BCL2	PARP1	9606.ENSP00000381185	9606.ENSP00000355759	0	0	0	0	0.121	0.456	0	0.860	0.927
BCL2	GSTP1	9606.ENSP00000381185	9606.ENSP00000381607	0	0	0	0	0	0	0	0.425	0.425
BCL2	FAS	9606.ENSP00000381185	9606.ENSP00000498466	0	0	0	0	0.077	0	0	0.716	0.726
CASP3	SP1	9606.ENSP00000311032	9606.ENSP00000329357	0	0	0	0	0.055	0.457	0	0.400	0.665
CASP3	FAS	9606.ENSP00000311032	9606.ENSP00000498466	0	0	0	0	0.075	0	0.900	0.848	0.984
CASP3	CASP9	9606.ENSP00000311032	9606.ENSP00000330237	0	0	0	0.827	0.064	0.999	0.900	0.893	0.999
CASP3	PARP1	9606.ENSP00000311032	9606.ENSP00000355759	0	0	0	0	0.068	0.999	0.900	0.940	0.999
CASP9	FAS	9606.ENSP00000330237	9606.ENSP00000498466	0	0	0	0	0	0	0	0.775	0.775
CASP9	PARP1	9606.ENSP00000330237	9606.ENSP00000355759	0	0	0	0	0.064	0	0.900	0.904	0.990
CYP1A2	CYP2A6	9606.ENSP00000342007	9606.ENSP00000301141	0	0	0.154	0.769	0.298	0	0.913	0.255	0.956
CYP1A2	GSTP1	9606.ENSP00000342007	9606.ENSP00000381607	0	0	0	0	0.092	0.046	0.900	0.547	0.955
CYP2A6	GSTP1	9606.ENSP00000301141	9606.ENSP00000381607	0	0	0	0	0.092	0.046	0.650	0.420	0.800
FAS	YY1	9606.ENSP00000498466	9606.ENSP00000262238	0	0	0	0	0	0.414	0	0.129	0.467
FAS	SP1	9606.ENSP00000498466	9606.ENSP00000329357	0	0	0	0	0.060	0.567	0	0.146	0.622
FAS	PARP1	9606.ENSP00000498466	9606.ENSP00000355759	0	0	0	0	0	0	0	0.440	0.440
PARP1	YY1	9606.ENSP00000355759	9606.ENSP00000262238	0	0	0	0	0.122	0.526	0	0.300	0.683
PARP1	SP1	9606.ENSP00000355759	9606.ENSP00000329357	0	0	0	0	0.072	0.459	0	0.357	0.648
SP1	YY1	9606.ENSP00000329357	9606.ENSP00000262238	0	0	0	0.601	0.100	0.999	0	0.223	0.999
