Common_Name,Uniprot_ID,Gene_Symbol,Status,Unnamed: 4
PTGES2,Q9H7Z7,PTGES2,Included,筛选概率（P＞0.0009180380915628）
CYP1A2,P05177,CYP1A2,Included,
TLR4,O00206,TLR4,Included,
OPRK1,P41145,OPRK1,Included,
GLRA1,P23415,GLRA1,Included,
EGFR,P00533,EGFR,Included,
PTPN1,P18031,PTPN1,Included,
PTPN11,Q06124,PTPN11,Included,
EPHX2,P34913,EPHX2,Included,
PTAFR,P25105,PTAFR,Included,
IDH1,O75874,IDH1,Included,
PLA2G1B,P04054,PLA2G1B,Included,
CDC25B,P30305,CDC25B,Included,
GUSB,P08236,GUSB,Included,
OPRM1,P35372,OPRM1,Included,
PPARG,P37231,PPARG,Included,
NR1H4,Q96RI1,NR1H4,Included,
HSP90AA1,P07900,HSP90AA1,Included,
CHRM1,P11229,CHRM1,Included,
FDFT1,P37268,FDFT1,Included,
SLC22A1,O15245,SLC22A1,Included,
KDR,P35968,KDR,Included,
SYNJ2,O15056,SYNJ2,Included,
STAT3,P40763,STAT3,Included,
,P14867&P47870&P18507,,Included,
HMGCR,P04035,HMGCR,Included,
TLR9,Q9NR96,TLR9,Included,
BRD4,O60885,BRD4,Included,
,Q96BI3&Q9NZ42&Q8WW43&P49768&Q92542&P49810,,Included,
PIK3C2B,O00750,PIK3C2B,Included,
PLA2G2A,P14555,PLA2G2A,Included,
PLA2G2D,Q9UNK4,PLA2G2D,Included,
PLA2G2E,Q9NZK7,PLA2G2E,Included,
PLA2G2F,Q9BZM2,PLA2G2F,Included,
PLA2G10,O15496,PLA2G10,Included,
PLA2G5,P39877,PLA2G5,Included,
PRKCQ,Q04759,PRKCQ,Included,
PTGFR,P43088,PTGFR,Included,
,P06493&P14635,,Included,
PDE4B,Q07343,PDE4B,Included,
TLR2,O60603,TLR2,Included,
ATP2A2,P16615,ATP2A2,Included,
GLRA2,P23416,GLRA2,Included,
EDNRA,P25101,EDNRA,Included,
PTGDR2,Q9Y5Y4,PTGDR2,Included,
TBXAS1,P24557,TBXAS1,Included,
MMEL1,Q495T6,MMEL1,Included,
IDO1,P14902,IDO1,Included,
ACMSD,Q8TDX5,ACMSD,Included,
ANO1,Q5XXA6,ANO1,Included,
PRKCD,Q05655,PRKCD,Included,
PFKFB3,Q16875,PFKFB3,Included,
KCNH2,Q12809,KCNH2,Included,
PTGIS,Q16647,PTGIS,Included,
HDAC1,Q13547,HDAC1,Included,
EIF4EBP1,Q13541,EIF4EBP1,Included,
PTGER4,P35408,PTGER4,Included,
TBXA2R,P21731,TBXA2R,Included,
,O60563&P50750,,Included,
AKR1B1,P15121,AKR1B1,Included,
PTGDR,Q13258,PTGDR,Included,
JAK1,P23458,JAK1,Included,
JAK2,O60674,JAK2,Included,
TERT,O14746,TERT,Included,
ELANE,P08246,ELANE,Included,
PRKCA,P17252,PRKCA,Included,
CASP7,P55210,CASP7,Included,
CASP3,P42574,CASP3,Included,
CASP1,P29466,CASP1,Included,
CMA1,P23946,CMA1,Included,
FGFR1,P11362,FGFR1,Included,
PDE5A,O76074,PDE5A,Included,
AKR1C3,P42330,AKR1C3,Included,
DNM1L,O00429,DNM1L,Included,
ABCB1,P08183,ABCB1,Included,
CA9,Q16790,CA9,Included,
CA2,P00918,CA2,Included,
CA1,P00915,CA1,Included,
CA12,O43570,CA12,Included,
KDM4C,Q9H3R0,KDM4C,Included,
PPARA,Q07869,PPARA,Included,
BCL6,P41182,BCL6,Included,
CSF1R,P07333,CSF1R,Included,
EGLN1,Q9GZT9,EGLN1,Included,
SERPINE1,P05121,SERPINE1,Included,
SLC22A12,Q96S37,SLC22A12,Included,
EP300,Q09472,EP300,Included,
CYP26A1,O43174,CYP26A1,Included,
PIN1,Q13526,PIN1,Included,
MME,P08473,MME,Included,
CTSG,P08311,CTSG,Included,
PIK3CG,P48736,PIK3CG,Included,
PIK3CB,P42338,PIK3CB,Included,
PIK3CA,P42336,PIK3CA,Included,
MMP9,P14780,MMP9,Included,
MMP2,P08253,MMP2,Included,
PIK3CD,O00329,PIK3CD,Included,
PTPN22,Q9Y2R2,PTPN22,default,
CACNA1B,Q00975,CACNA1B,default,
PSMB5,P28074,PSMB5,default,
